placauf,auto,datacomet,codigo,lote
"QMK6F79/SE","M 37906514","20250821","7633-1","001944"
"ODN7J11/SE","M 37888181","20250821","6700-0","001944"
"ODN7J11/SE","M 37888182","20250821","6599-2","001944"
"FTU9H00/SE","M 37886823","20250821","6084-4","001944"
"QKS6508/SE","M 37889655","20250821","6041-2","001944"
"QKY1G69/SE","M 37889656","20250821","5550-0","001944"
"QMC2B70/SE","M 37889659","20250821","5487-0","001944"
"QMM2E24/SE","M 37889660","20250821","6017-4","001944"
"IAD2J02/SE","M 37903977","20250821","6653-1","001944"
"IAD2J02/SE","M 37903978","20250821","7340-0","001944"
"IAD2J02/SE","M 37903979","20250821","7684-2","001944"
"QMD5J36/SE","M 37899882","20250818","5835-0","001944"
"OEK7825/SE","M 37889861","20250821","7587-0","001944"
"NVG0091/SE","M 37889234","20250821","6033-0","001944"
"IAM5B84/SE","M 37888183","20250821","7633-2","001944"
"QKS2J44/SE","M 37906515","20250821","6530-0","001944"
"OLW4B14/SE","M 37907806","20250821","6599-2","001944"
"HZR6I16/SE","M 37907807","20250821","6670-0","001944"
"HZV6F95/SE","M 37907808","20250821","6637-1","001944"
"QKP9A66/SE","M 37907809","20250821","7102-3","001944"
"QMB4H15/SE","M 37907810","20250821","5452-1","001944"
"NMI8094/SE","M 37907812","20250821","6599-2","001944"
"IAM2C11/SE","M 37907814","20250821","5185-1","001944"
"IAM2C11/SE","M 37907815","20250821","6610-2","001944"
"IAM2C11/SE","M 37907816","20250821","6599-2","001944"
"RQZ6E29/SE","M 37907817","20250821","6637-1","001944"
"QKU6F30/SE","M 37907819","20250821","6580-0","001944"
"QML6D99/SE","M 37907820","20250821","7587-0","001944"
"RRF5I98/SE","M 37907823","20250821","7587-0","001944"
"JRF8J92/SE","M 37907825","20250821","7587-0","001944"
"QMJ3I54/SE","M 37907827","20250821","7587-0","001944"
"HZR4818/SE","M 37907828","20250821","7587-0","001944"
"QNB4A80/SE","M 37907829","20250821","7587-0","001944"
"OES2675/SE","M 37907830","20250821","7587-0","001944"
"QMI3E91/SE","M 37907832","20250821","7587-0","001944"
"RGQ3I02/SE","M 37907834","20250821","7587-0","001944"
"NZZ1127/SE","M 37907835","20250821","7587-0","001944"
"OZR6C83/SE","M 37907837","20250821","7587-0","001944"
"TNV9F23/SE","M 37907840","20250821","7587-0","001944"
"IAO6441/SE","M 37907845","20250821","7587-0","001944"
"IAO6441/SE","M 37907846","20250821","6599-2","001944"
"RRH6D39/SE","M 37907849","20250821","7587-0","001944"
"TNV5A60/SE","M 37907850","20250821","7587-0","001944"
"QMM3D76/SE","M 37907851","20250821","7587-0","001944"
"QMC3H47/SE","M 37907852","20250821","7587-0","001944"
"HZS1992/SE","M 37907854","20250821","7587-0","001944"
"QMP3E09/SE","M 37907855","20250821","7587-0","001944"
"TNV3F44/SE","M 37907858","20250821","7587-0","001944"
"RQX4B10/SE","M 37907859","20250821","7587-0","001944"
"QMO4F62/SE","M 37907860","20250821","7587-0","001944"
"QMO4F62/SE","M 37907861","20250821","6599-2","001944"
"QMG2J23/SE","M 37907864","20250821","7587-0","001944"
"QMG2J23/SE","M 37907865","20250821","6599-2","001944"
"NVI2099/SE","M 37882036","20250822","7633-2","001944"
"NVI2099/SE","M 37882037","20250822","6599-2","001944"
"HZZ9580/SE","M 37882807","20250822","5185-1","001944"
"QMJ1F55/SE","M 37890176","20250822","6050-1","001944"
"RQZ6E45/SE","M 37890177","20250822","7633-1","001944"
"QMN6H68/SE","M 37906318","20250822","7633-2","001944"
"QMN0J84/SE","M 37906319","20250822","5819-6","001944"
"QME5866/SE","M 37906320","20250822","6084-1","001944"
"IAP1701/SE","M 37893888","20250819","7366-2","001944"
"RQZ0E15/SE","M 37890179","20250822","5819-1","001944"
"NMA0H82/SE","M 37904906","20250822","5452-1","001944"
"NVK7925/SE","M 37896293","20250822","5452-5","001944"
"OZB0442/SE","M 37904907","20250822","5452-1","001944"
"NVI4B35/SE","M 37896295","20250822","5452-2","001944"
"QMP7G88/SE","M 37892283","20250821","5835-0","001944"
"IAD3446/SE","M 37882607","20250822","5550-0","001944"
"QMH0899/SE","M 37893889","20250822","6041-2","001944"
"QMK6F86/SE","M 37883601","20250822","6050-1","001944"
"QML1I95/SE","M 37882608","20250822","5550-0","001944"
"QLF4C52/SE","M 37904908","20250822","5550-0","001944"
"HBM8I55/SE","M 37882609","20250822","5550-0","001944"
"RRB7H68/SE","M 37882610","20250822","5550-0","001944"
"OKP2458/SE","M 37887863","20250822","5550-0","001944"
"IAD3446/SE","M 37887864","20250822","5550-0","001944"
"QXU3B05/SE","M 37890874","20250822","5401-0","001944"
"OEO7I44/SE","M 37887868","20250822","5193-0","001944"
"OEJ1621/SE","M 37904909","20250822","5452-1","001944"
"NVI0G40/SE","M 37906322","20250822","7633-2","001944"
"QKW6J40/SE","M 37904910","20250822","5452-1","001944"
"QMK1F54/SE","M 37906323","20250822","7633-2","001944"
"RRE0G32/SE","M 37893648","20250822","7048-1","001944"
"RPD9D38/SE","M 37882616","20250822","5550-0","001944"
"NVL0G13/SE","M 37884616","20250822","6610-2","001944"
"NVL0G13/SE","M 37884617","20250822","6599-2","001944"
"PYP3B63/SE","M 37904911","20250822","5452-1","001944"
"IAB2187/SE","M 37906754","20250820","5673-1","001944"
"GEI8F09/SE","M 37906757","20250821","5550-0","001944"
"QMV5160/SE","M 37906758","20250821","5185-1","001944"
"ELS1C17/SE","M 37906759","20250821","5185-1","001944"
"PGB8H76/SE","M 37906761","20250821","6769-0","001944"
"OZH5I86/SE","M 37906762","20250821","7633-1","001944"
"QMC1545/SE","M 37906764","20250821","6769-0","001944"
"OEO1232/SE","M 37906765","20250821","5452-2","001944"
"QKT3739/SE","M 37906766","20250821","5452-1","001944"
"QKQ8827/SE","M 37906767","20250821","6610-2","001944"
"IAL2F74/SE","M 37906768","20250821","5185-1","001944"
"RQW1I26/SE","M 37906775","20250821","7587-0","001944"
"RRF9I45/SE","M 37882456","20250822","5452-1","001944"
"QMB6902/SE","M 37882459","20250822","5550-0","001944"
"QMK8I34/SE","M 37907874","20250822","5550-0","001944"
"QMK8I34/SE","M 37907875","20250822","7293-0","001944"
"QMK8I34/SE","M 37907876","20250822","6599-2","001944"
"IAJ5F66/SE","M 37907878","20250822","5550-0","001944"
"QMO5I02/SE","M 37907882","20250822","5487-0","001944"
"QMO5I02/SE","M 37907883","20250822","7293-0","001944"
"QMO5I02/SE","M 37907884","20250822","6599-2","001944"
"IAJ4514/SE","M 37907885","20250822","5487-0","001944"
"OEO1056/SE","M 37904912","20250822","5452-1","001944"
"QMN2G43/SE","M 37887869","20250822","7587-0","001944"
"QME8D27/SE","M 37903980","20250822","6050-1","001944"
"QMB2313/SE","M 37882460","20250822","5550-0","001944"
"NMC3653/SE","M 37907888","20250822","5479-0","001944"
"NVM3319/SE","M 37907889","20250822","5487-0","001944"
"QKO9150/SE","M 37907890","20250822","5487-0","001944"
"QLA7E95/SE","M 37907891","20250822","5487-0","001944"
"RRC3H66/SE","M 37885886","20250822","6599-2","001944"
"RRC3H66/SE","M 37885887","20250822","6033-0","001944"
"RRC3H66/SE","M 37885888","20250822","5819-6","001944"
"OEL9J01/SE","M 37907892","20250822","5452-1","001944"
"QMJ4G77/SE","M 37907894","20250822","5479-0","001944"
"QMM0H17/SE","M 37907895","20250822","6670-0","001944"
"QMM0H17/SE","M 37907896","20250822","6599-2","001944"
"TNV9J99/SE","M 37891041","20250822","7587-0","001944"
"HZT1210/SE","M 37905742","20250815","6530-0","001944"
"HZT1210/SE","M 37905743","20250815","5592-0","001944"
"QKR9189/SE","M 37890651","20250822","5460-0","001944"
"IAN7791/SE","M 37890652","20250822","5541-3","001944"
"MUX9F56/SE","M 37895068","20250823","7366-2","001944"
"JOL2039/SE","M 37901290","20250823","5550-0","001944"
"SKE0B57/SE","M 37901291","20250823","5550-0","001944"
"RQX3F14/SE","M 37901292","20250823","5550-0","001944"
"QKO4B04/SE","M 37896299","20250823","5487-0","001944"
"HZY7011/SE","M 37884619","20250823","7633-1","001944"
"QMB9708/SE","M 37896301","20250823","5541-3","001944"
"NVN4928/SE","M 37896302","20250823","5185-1","001944"
"NFB7B11/SE","M 37896304","20250823","6122-0","001944"
"NFB7B11/SE","M 37896305","20250823","5185-1","001944"
"NFB7B11/SE","M 37896306","20250823","6599-2","001944"
"JOL2039/SE","M 37906516","20250823","5541-3","001944"
"JOL2039/SE","M 37906517","20250823","6599-2","001944"
"NVI1613/SE","M 37886825","20250823","5541-3","001944"
"QWL0J00/SE","M 37896307","20250823","5568-0","001944"
"RRD3J85/SE","M 37896308","20250823","5568-0","001944"
"QMJ9138/SE","M 37882461","20250822","7633-2","001944"
"RTX4F99/SE","M 37882462","20250823","5550-0","001944"
"IAJ4880/SE","M 37889029","20250823","5738-0","001944"
"QMA0A07/SE","M 37896312","20250823","5550-0","001944"
"QLM9D60/SE","M 37906518","20250823","5541-3","001944"
"IAI2746/SE","M 37889030","20250823","5738-0","001944"
"QMJ1C60/SE","M 37882463","20250823","5541-4","001944"
"PKR4J07/SE","M 37896317","20250823","5487-0","001944"
"QMB2127/SE","M 37893063","20250823","7633-2","001944"
"RRE2E37/SE","M 37892443","20250823","6017-1","001944"
"QKS2J99/SE","M 37799592","20250823","5550-0","001944"
"QKZ6F49/SE","M 37799593","20250823","5550-0","001944"
"QVX8E20/SE","M 37896318","20250823","6122-0","001944"
"RLQ1B10/SE","M 37799594","20250823","5550-0","001944"
"QMG8B69/SE","M 37907132","20250823","7633-2","001944"
"NVL6E96/SE","M 37907133","20250823","6068-1","001944"
"QMD4D97/SE","M 37889662","20250823","6858-0","001944"
"RGZ1J97/SE","M 37882038","20250823","7633-2","001944"
"QKU9G91/SE","M 37882464","20250823","6041-2","001944"
"RQZ4D34/SE","M 37882039","20250823","5231-1","001944"
"OEQ5H29/SE","M 37882040","20250823","7102-1","001944"
"QMP8G88/SE","M 37906519","20250823","6068-1","001944"
"IAL6373/SE","M 37882041","20250823","6653-1","001944"
"QKY1G69/SE","M 37893892","20250823","5460-0","001944"
"DQM1109/SE","M 37891888","20250823","6700-0","001944"
"LRJ8J38/SE","M 37893064","20250823","5843-2","001944"
"NMO1J03/SE","M 37882466","20250818","5738-0","001944"
"PGO9F02/SE","M 37884627","20250823","5592-0","001944"
"NMO1J03/SE","M 37882467","20250818","5185-1","001944"
"QKW5F35/SE","M 37884628","20250823","6599-2","001944"
"QKW5F35/SE","M 37884629","20250823","6637-1","001944"
"QKW5F35/SE","M 37884630","20250823","7633-1","001944"
"NMO1J03/SE","M 37882468","20250818","5835-0","001944"
"GHJ8E10/SE","M 37882469","20250823","7234-0","001944"
"QKS9458/SE","M 37882470","20250823","7234-0","001944"
"QMC1J03/SE","M 37888831","20250824","5738-0","001944"
"QMA9465/SE","M 37880589","20250824","5550-0","001944"
"QMB3561/SE","M 37892650","20250824","7048-1","001944"
"QMB3561/SE","M 37892651","20250824","6599-2","001944"
"HZL4247/SE","M 37905308","20250824","5185-1","001944"
"OEQ4G74/SE","M 37907924","20250824","6599-2","001944"
"OEQ4G74/SE","M 37907925","20250824","7315-0","001944"
"PFR7C34/SE","M 37907928","20250824","6050-1","001944"
"FLI1F96/SE","M 37907929","20250824","5185-2","001944"
"OES2B04/SE","M 37907932","20250824","6602-0","001944"
"QKS9453/SE","M 37907934","20250824","6599-2","001944"
"QKS9453/SE","M 37907935","20250824","5185-1","001944"
"RRF8A60/SE","M 37883605","20250824","7625-2","001944"
"HZW0C51/SE","M 37907937","20250824","5185-1","001944"
"RRB6F09/SE","M 37892653","20250824","7625-2","001944"
"TNV1A59/SE","M 37892654","20250824","7625-2","001944"
"OER9535/SE","M 37907938","20250824","6599-2","001944"
"OER9535/SE","M 37907939","20250824","5185-1","001944"
"QQK9D43/SE","M 37892655","20250824","7625-2","001944"
"NVG0A50/SE","M 37907940","20250824","6050-1","001944"
"QME7706/SE","M 37907941","20250824","6050-1","001944"
"NVM2745/SE","M 37907942","20250824","5185-1","001944"
"TNV0I00/SE","M 37883608","20250824","7625-2","001944"
"RQZ4E62/SE","M 37896320","20250824","7340-0","001944"
"IAO0J82/SE","M 37907944","20250824","5185-1","001944"
"QKY3216/SE","M 37907945","20250824","6599-2","001944"
"QKY3216/SE","M 37907946","20250824","6769-0","001944"
"NVH7E08/SE","M 37885891","20250824","5479-0","001944"
"NVG6B84/SE","M 37896322","20250824","7340-0","001944"
"OES1215/SE","M 37896323","20250824","5185-1","001944"
"OES1215/SE","M 37896324","20250824","6599-2","001944"
"NVJ6476/SE","M 37907953","20250824","5185-1","001944"
"IAJ5H24/SE","M 37907954","20250824","6696-1","001944"
"IAJ5H24/SE","M 37907955","20250824","6599-2","001944"
"IAJ5H24/SE","M 37907956","20250824","6700-0","001944"
"IAK0967/SE","M 37907959","20250824","5185-1","001944"
"QKP0D26/SE","M 37907960","20250824","5185-1","001944"
"QKP0D26/SE","M 37907961","20250824","7633-1","001944"
"HZZ9045/SE","M 37907962","20250824","5185-1","001944"
"RQX8G94/SE","M 37907963","20250824","6602-0","001944"
"KKX8D36/SE","M 37907964","20250824","5185-1","001944"
"OEQ5D26/SE","M 37907965","20250824","5185-1","001944"
"JPH7190/SE","M 37907966","20250824","5185-1","001944"
"NVN2656/SE","M 37907967","20250824","5185-1","001944"
"NVL4019/SE","M 37907968","20250824","7633-1","001944"
"HZZ7C37/SE","M 37896325","20250824","6017-5","001944"
"TNV9F50/SE","M 37881820","20250824","5622-2","001944"
"QMG2271/SE","M 37888188","20250824","6050-1","001944"
"RQX5J30/SE","M 37896326","20250824","6050-1","001944"
"PEC6C01/SE","M 37906520","20250825","6700-0","001944"
"NVH1068/SE","M 37906325","20250825","6041-2","001944"
"NVH1068/SE","M 37906326","20250825","6599-2","001944"
"IAP7321/SE","M 37904303","20250825","6025-0","001944"
"PCP7323/SE","M 37893895","20250825","5703-0","001944"
"NVM1E26/SE","M 37892444","20250825","6041-1","001944"
"PGU4654/SE","M 37893896","20250825","7633-2","001944"
"RRG2C08/SE","M 37906329","20250825","6050-1","001944"
"RRG7B76/SE","M 37906330","20250825","5622-2","001944"
"RRD9A32/SE","M 37894702","20250825","5541-3","001944"
"EYD3B98/SE","M 37882617","20250825","7633-2","001944"
"RFQ5B80/SE","M 37894703","20250825","5380-0","001944"
"IAN7F40/SE","M 37892042","20250825","5550-0","001944"
"JQK0I13/SE","M 37809432","20250825","5479-0","001944"
"TNV9A11/SE","M 37906521","20250825","5967-0","001944"
"QKT5907/SE","M 37888833","20250825","5738-0","001944"
"RRH8B15/SE","M 37894706","20250825","6602-0","001944"
"QKZ1H66/SE","M 37885892","20250825","5452-2","001944"
"QKZ1H66/SE","M 37885893","20250825","7293-0","001944"
"RCS3B61/SE","M 37885894","20250825","6084-1","001944"
"QMG0526/SE","M 37885895","20250825","7072-2","001944"
"QMG0526/SE","M 37885896","20250825","7048-1","001944"
"QMG0526/SE","M 37885897","20250825","6599-2","001944"
"QMG0526/SE","M 37885898","20250825","6858-0","001944"
"QLA2B97/SE","M 37889235","20250821","6033-0","001944"
"DVC2I42/SE","M 37885899","20250825","6599-2","001944"
"DVC2I42/SE","M 37885900","20250825","5452-5","001944"
"DVC2I42/SE","M 37885901","20250825","7293-0","001944"
"TNW2C83/SE","M 37907897","20250825","5460-0","001944"
"QMN7I02/SE","M 37889862","20250825","7633-1","001944"
"RCY1C65/SE","M 37892448","20250825","5550-0","001944"
"TNU9J61/SE","M 37903981","20250825","6637-1","001944"
"TNU9J61/SE","M 37903982","20250825","7684-2","001944"
"QMM1A05/SE","M 37892449","20250825","6122-0","001944"
"TNU9J61/SE","M 37903983","20250825","7340-0","001944"
"TNU9J61/SE","M 37903984","20250825","6602-0","001944"
"QMM3F44/SE","M 37892043","20250825","5568-0","001944"
"QKO1F83/SE","M 37889863","20250825","5550-0","001944"
"OEP6011/SE","M 37907898","20250825","6661-0","001944"
"QMK9F95/SE","M 37907899","20250825","7030-1","001944"
"OEP1680/SE","M 37907901","20250825","7587-0","001944"
"OEP1680/SE","M 37907902","20250825","6599-2","001944"
"QMF1063/SE","M 37907903","20250825","6769-0","001944"
"QMF1063/SE","M 37907904","20250825","7684-2","001944"
"QMF1063/SE","M 37907905","20250825","6599-2","001944"
"TNW4I53/SE","M 37907907","20250825","5452-1","001944"
"TNW4I53/SE","M 37907908","20250825","7293-0","001944"
"JPL3854/SE","M 37907909","20250825","6599-2","001944"
"OEK2000/SE","M 37892285","20250825","6084-1","001944"
"OEP1J98/SE","M 37890875","20250826","5703-0","001944"
"QMK5E82/SE","M 37906333","20250826","5720-0","001944"
"QMO6G36/SE","M 37890876","20250826","6084-1","001944"
"RQX4I78/SE","M 37882042","20250823","6084-4","001944"
"RVI7H98/SE","M 37904305","20250826","6122-0","001944"
"NYW0A99/SE","M 37882621","20250826","5452-2","001944"
"RDE0E27/SE","M 37904307","20250826","7633-1","001944"
"RLQ1B10/SE","M 37904914","20250826","5452-1","001944"
"QKS2J99/SE","M 37904915","20250826","5452-1","001944"
"QKW8793/SE","M 37893897","20250825","5452-1","001944"
"RUF6G61/SE","M 37904916","20250826","5452-1","001944"
"PFE8G06/SE","M 37904917","20250826","5452-1","001944"
"IAG1490/SE","M 37890877","20250826","5550-0","001944"
"PYP3B63/SE","M 37904918","20250826","5452-1","001944"
"QLI6J02/SE","M 37884633","20250826","6610-2","001944"
"QKR3758/SE","M 37884634","20250826","6041-1","001944"
"RRG1F04/SE","M 37906522","20250826","6637-1","001944"
"IAM0J95/SE","M 37892450","20250826","5452-2","001944"
"OEM2D04/SE","M 37905744","20250819","5550-0","001944"
"QML2G28/SE","M 37905745","20250819","5550-0","001944"
"QMK1I61/SE","M 37905747","20250819","5550-0","001944"
"OEQ8710/SE","M 37905748","20250819","5550-0","001944"
"QMA4618/SE","M 37905749","20250819","5550-0","001944"
"RQY6I10/SE","M 37905750","20250819","5550-0","001944"
"QKZ6F49/SE","M 37904920","20250826","5452-1","001944"
"QMO9B17/SE","M 37905752","20250819","5550-0","001944"
"QKV8428/SE","M 37905754","20250819","5550-0","001944"
"QMM3H11/SE","M 37905755","20250819","5550-0","001944"
"IAL7108/SE","M 37905756","20250819","5550-0","001944"
"QMJ7J66/SE","M 37896327","20250826","5738-0","001944"
"RRB6G49/SE","M 37882472","20250826","5452-1","001944"
"NMA4620/SE","M 37905758","20250819","5550-0","001944"
"QML4B33/SE","M 37905759","20250819","5550-0","001944"
"FOP9D43/SE","M 37905762","20250819","5550-0","001944"
"RJB6J35/SE","M 37896329","20250826","5550-0","001944"
"QKZ3057/SE","M 37905763","20250819","5550-0","001944"
"OEN5530/SE","M 37905765","20250819","5380-0","001944"
"QMI5G29/SE","M 37905767","20250819","5550-0","001944"
"DDX6J64/SE","M 37905768","20250819","5550-0","001944"
"OZF2C13/SE","M 37905770","20250819","6033-0","001944"
"OEN7004/SE","M 37905771","20250819","6033-0","001944"
"IAC0C84/SE","M 37905773","20250819","6033-0","001944"
"RRA0A31/SE","M 37905774","20250819","6033-0","001944"
"OEL0481/SE","M 37905775","20250819","6033-0","001944"
"QKY8345/SE","M 37905776","20250819","6033-0","001944"
"RQW6G82/SE","M 37905777","20250819","6033-0","001944"
"QKP5A31/SE","M 37905778","20250819","6033-0","001944"
"RRE4E51/SE","M 37905779","20250819","6033-0","001944"
"RQZ8G77/SE","M 37905780","20250819","6033-0","001944"
"QMA2E22/SE","M 37905781","20250819","6033-0","001944"
"QMA4717/SE","M 37905783","20250819","6033-0","001944"
"OER1H65/SE","M 37905784","20250819","6033-0","001944"
"JRM2I50/SE","M 37905785","20250819","6033-0","001944"
"NVK6615/SE","M 37905786","20250819","6033-0","001944"
"TNW5H66/SE","M 37905789","20250819","6033-0","001944"
"QKU7388/SE","M 37905790","20250819","6033-0","001944"
"QMM6I58/SE","M 37904921","20250826","5452-1","001944"
"QKR1889/SE","M 37905791","20250819","6033-0","001944"
"QMP1E99/SE","M 37905792","20250819","6033-0","001944"
"TNU4I43/SE","M 37896331","20250826","7340-0","001944"
"RQX2B49/SE","M 37905797","20250822","5452-1","001944"
"NVL5601/SE","M 37896334","20250826","7340-0","001944"
"DPV8B00/SE","M 37896335","20250826","7340-0","001944"
"RRA1A01/SE","M 37896336","20250826","7340-0","001944"
"RRG4C31/SE","M 37896337","20250826","7340-0","001944"
"NVI9500/SE","M 37896339","20250826","5452-1","001944"
"NVI9500/SE","M 37896340","20250826","6599-2","001944"
"QMG1G53/SE","M 37907910","20250825","6637-2","001944"
"QFN9D98/SE","M 37907911","20250826","6653-2","001944"
"SAB0I81/SE","M 37896341","20250826","7340-0","001944"
"OZB1429/SE","M 37907913","20250826","5185-1","001944"
"NVH9061/SE","M 37907915","20250826","5959-1","001944"
"NVH9061/SE","M 37907916","20250826","6599-2","001944"
"RRD3G38/SE","M 37908521","20250826","6068-1","001944"
"QKS3J63/SE","M 37908522","20250826","5185-1","001944"
"QMM3D28/SE","M 37883801","20250826","5550-0","001944"
"NVL4H66/SE","M 37908523","20250826","5959-1","001944"
"RRG7B75/SE","M 37908524","20250826","5959-1","001944"
"QMC8063/SE","M 37908525","20250826","6599-2","001944"
"QMM5C41/SE","M 37896344","20250826","7340-0","001944"
"QMM5C41/SE","M 37896345","20250826","6599-2","001944"
"QLA5651/SE","M 37908526","20250826","6050-2","001944"
"QLA5651/SE","M 37908527","20250826","6599-2","001944"
"TNV0C43/SE","M 37908528","20250826","6050-2","001944"
"IAH5235/SE","M 37908529","20250826","6653-2","001944"
"NVH6D45/SE","M 37908531","20250826","5959-1","001944"
"NVH6D45/SE","M 37908532","20250826","6602-0","001944"
"NVH6D45/SE","M 37908533","20250826","6599-2","001944"
"QKV5074/SE","M 37896346","20250826","7340-0","001944"
"QKN5067/SE","M 37898497","20250819","6033-0","001944"
"QMI0958/SE","M 37898498","20250819","6033-0","001944"
"IAI5086/SE","M 37898501","20250819","6033-0","001944"
"IAB6A50/SE","M 37898506","20250819","6033-0","001944"
"TNV8H00/SE","M 37896347","20250826","7340-0","001944"
"QMP5H61/SE","M 37896348","20250826","7340-0","001944"
"RQX3I40/SE","M 37903985","20250826","6653-1","001944"
"TNV7J26/SE","M 37896352","20250826","7340-0","001944"
"OEM4423/SE","M 37892658","20250826","6033-0","001944"
"OEL2F78/SE","M 37896353","20250826","7340-0","001944"
"QLE9I88/SE","M 37882045","20250826","5819-4","001944"
"RRA6J81/SE","M 37896354","20250826","7340-0","001944"
"RRA6J81/SE","M 37896355","20250826","7633-1","001944"
"NVM5545/SE","M 37881823","20250826","6050-1","001944"
"NVM5545/SE","M 37881824","20250826","6599-2","001944"
"RRF9J39/SE","M 37901293","20250826","6017-4","001944"
"QMG9433/SE","M 37882047","20250826","6041-2","001944"
"QKN5B29/SE","M 37893898","20250826","5487-0","001944"
"RRD6I87/SE","M 37890878","20250827","5703-0","001944"
"MUY2H76/SE","M 37893899","20250827","5703-0","001944"
"IAK0009/SE","M 37905800","20250826","6050-2","001944"
"IAK0009/SE","M 37905801","20250826","7633-1","001944"
"QMG5802/SE","M 37890181","20250827","5738-0","001944"
"QMB2747/SE","V 00776942","20250820","5550-0","001944"
"RQW1G14/SE","TE25016379","20250809","5622-2","001944"
"QKN7A13/SE","TE25020579","20250809","5614-3","001944"
"PUH2B38/SE","TE25021275","20250810","5401-0","001944"
"QMC7438/SE","TE25021276","20250810","5410-0","001944"
"QKT3129/SE","TE25019508","20250810","5525-0","001944"
"RQY3G60/SE","TE25021182","20250804","5452-2","001944"
"RQY3G60/SE","TE25021183","20250804","5380-0","001944"
"TNW0D75/SE","TE25018903","20250805","5452-1","001944"
"OES3I44/SE","TE25021273","20250807","5452-1","001944"
"RRG9F65/SE","TE25021274","20250807","5410-0","001944"
"QMP8E95/SE","TE25021026","20250807","5487-0","001944"
"TNV2C82/SE","M 37908722","20250827","6050-1","001944"
"OEO2635/SE","M 37890182","20250827","5363-0","001944"
"TNX8J50/SE","F000943411","20250817","7455-0","001944"
"NVK4457/SE","F000943412","20250818","7455-0","001944"
"RRF2A40/SE","F000943414","20250818","7455-0","001944"
"QMC8281/SE","F000943415","20250819","7455-0","001944"
"QMF7995/SE","F000943419","20250819","7455-0","001944"
"NVJ7E95/SE","F000943420","20250819","7455-0","001944"
"QMD2D75/SE","F000943422","20250819","7455-0","001944"
"QMF2663/SE","F000943425","20250820","7455-0","001944"
"RRH0H67/SE","F000943428","20250820","7455-0","001944"
"QKT7552/SE","F000943429","20250820","7455-0","001944"
"QMH7457/SE","F000943431","20250820","7455-0","001944"
"QMD4394/SE","F000943434","20250820","7455-0","001944"
"QML1E50/SE","F000943435","20250821","7455-0","001944"
"QMJ0778/SE","F000943437","20250821","7455-0","001944"
"NVI7D92/SE","F000943438","20250821","7455-0","001944"
"QQB8J25/SE","F000943443","20250822","7455-0","001944"
"QLJ4H79/SE","F000943445","20250822","7455-0","001944"
"QMD9794/SE","F000943446","20250822","7455-0","001944"
"OEP9I20/SE","F000943448","20250823","7455-0","001944"
"SHI2E56/SE","F000943450","20250823","7455-0","001944"
"RRD7F08/SE","F000943452","20250824","7463-0","001944"
"MVA9707/SE","F000943453","20250817","7455-0","001944"
"QMD6J29/SE","F000943454","20250817","7455-0","001944"
"RRF9C63/SE","F000943456","20250817","7455-0","001944"
"QME3857/SE","F000943461","20250818","7455-0","001944"
"OEL4034/SE","F000943462","20250819","7455-0","001944"
"QME0746/SE","F000943465","20250819","7455-0","001944"
"RGY8B03/SE","F000943468","20250819","7455-0","001944"
"IAL7A09/SE","F000943469","20250819","7463-0","001944"
"QML9E23/SE","F000943470","20250819","7455-0","001944"
"IAD4216/SE","F000943471","20250819","7455-0","001944"
"QML4A26/SE","F000943479","20250820","7455-0","001944"
"OZB0279/SE","F000943481","20250820","7455-0","001944"
"QKX5361/SE","F000943483","20250821","7455-0","001944"
"TNW1F87/SE","F000943485","20250821","7455-0","001944"
"RQW7J63/SE","F000943486","20250821","7455-0","001944"
"OPR7441/SE","F000943490","20250822","7455-0","001944"
"QKX8H67/SE","F000943491","20250822","7455-0","001944"
"QMG6942/SE","F000943494","20250822","7455-0","001944"
"QMP9B52/SE","F000943495","20250822","7455-0","001944"
"QMM5J18/SE","F000943496","20250822","7455-0","001944"
"FOZ2A35/SE","F000943498","20250823","7455-0","001944"
"MUN0730/SE","F000943499","20250823","7455-0","001944"
"RRD8B20/SE","F000943500","20250823","7455-0","001944"
"QMG3833/SE","F000943502","20250823","7455-0","001944"
"OEM1473/SE","F000943503","20250823","7455-0","001944"
"QVQ2A95/SE","F000943504","20250823","7455-0","001944"
"JPP5235/SE","F000943506","20250824","7455-0","001944"
"QMN3J03/SE","F000943507","20250824","7455-0","001944"
"OEO2227/SE","F000943508","20250824","7455-0","001944"
"QMD7260/SE","F000943509","20250824","7455-0","001944"
"OZB3F38/SE","F000943511","20250819","7455-0","001944"
"QMH0274/SE","F000943512","20250820","7455-0","001944"
"OZB9C99/SE","F000943519","20250823","7455-0","001944"
"TNU9H65/SE","G001513110","20250817","7455-0","001944"
"QKQ1772/SE","G001513111","20250817","7455-0","001944"
"RQZ5E33/SE","G001513113","20250819","6050-3","001944"
"NVJ3268/SE","G001513115","20250819","6050-3","001944"
"QMF7E93/SE","G001513116","20250820","7455-0","001944"
"IAJ1H14/SE","G001513117","20250820","7455-0","001944"
"RRE3J22/SE","G001513122","20250823","7455-0","001944"
"TNU6C76/SE","G001513123","20250823","7463-0","001944"
"QMC1545/SE","G001513124","20250823","7455-0","001944"
"OEJ4B76/SE","G001513126","20250823","7455-0","001944"
"RRF5C15/SE","G001513130","20250824","7455-0","001944"
"QKS9026/SE","G001513131","20250824","7455-0","001944"
"RRE8G75/SE","G001513132","20250824","6050-3","001944"
"TNW3B65/SE","G001513133","20250817","7455-0","001944"
"QMF1993/SE","G001513134","20250817","6050-3","001944"
"OZB7334/SE","G001513135","20250817","6050-3","001944"
"RQY2A78/SE","G001513137","20250817","7455-0","001944"
"TNV1E76/SE","G001513138","20250818","7455-0","001944"
"HZZ0364/SE","G001513139","20250819","7455-0","001944"
"NVG2255/SE","G001513140","20250820","7455-0","001944"
"NVL4A41/SE","G001513143","20250821","7455-0","001944"
"OES2289/SE","G001513145","20250822","7455-0","001944"
"QKU9F22/SE","G001513147","20250823","6050-3","001944"
"RRH9F39/SE","G001513148","20250824","7455-0","001944"
"QMK3A53/SE","G001513149","20250824","7455-0","001944"
"OES0E55/SE","G001513152","20250817","6050-3","001944"
"NVM7845/SE","G001513157","20250820","6050-3","001944"
"QKT8280/SE","G001513158","20250821","6050-3","001944"
"TNW1B03/SE","G001513159","20250822","6050-3","001944"
"PGI5954/SE","G001513160","20250822","6050-3","001944"
"NVG4950/SE","G001513161","20250822","6050-3","001944"
"RRG5E82/SE","G001513162","20250822","6050-3","001944"
"QKU9G35/SE","G001513163","20250823","6050-3","001944"
"RQY7J38/SE","G001513166","20250824","6050-3","001944"
"OYX4G99/SE","G001513167","20250824","6050-3","001944"
"NMF0B29/SE","G001513170","20250818","6050-3","001944"
"OZB6J66/SE","G001513171","20250818","6050-3","001944"
"RQZ0B44/SE","G001513172","20250818","6050-3","001944"
"QMI4285/SE","G001513173","20250818","6050-3","001944"
"IAO9A85/SE","G001513175","20250819","6050-3","001944"
"RQW0C24/SE","G001513176","20250819","6050-3","001944"
"RQY5C91/SE","G001513178","20250820","6050-3","001944"
"NXD0C37/SE","G001513182","20250822","6050-3","001944"
"OEJ7A96/SE","G001513183","20250823","6050-3","001944"
"OHF9H17/SE","G001513184","20250823","6050-3","001944"
"QME5H70/SE","G001513186","20250823","6050-3","001944"
"QMI5E47/SE","G001513188","20250824","6050-3","001944"
"TNU4A32/SE","G001513189","20250816","7455-0","001944"
"RRD3E87/SE","G001513192","20250817","6050-3","001944"
"OEN6H02/SE","G001513193","20250818","6050-3","001944"
"QMP9E15/SE","G001513194","20250818","6050-3","001944"
"PFF0166/SE","G001513197","20250819","6050-3","001944"
"IAO1E33/SE","G001513204","20250821","6050-3","001944"
"QMP2H80/SE","G001513207","20250822","6050-3","001944"
"QKX8H67/SE","G001513209","20250822","6050-3","001944"
"QKV2960/SE","G001513210","20250822","7463-0","001944"
"OEP6E33/SE","G001513211","20250823","6050-3","001944"
"HZP4I19/SE","G001513212","20250823","6050-3","001944"
"QOF4522/SE","G001513213","20250823","6050-3","001944"
"RRD2E16/SE","G001513214","20250823","6050-3","001944"
"RRG1B99/SE","G001513216","20250824","7455-0","001944"
"JQS8D90/SE","G001513219","20250824","6050-3","001944"
"OEJ3169/SE","G001513220","20250824","6050-3","001944"
"RRG9A10/SE","G001513221","20250824","6050-3","001944"
"HZT1F47/SE","G001513222","20250816","6050-3","001944"
"RQZ6E29/SE","G001513223","20250816","6050-3","001944"
"RFF8F97/SE","G001513224","20250817","7455-0","001944"
"QMG7562/SE","G001513225","20250817","7455-0","001944"
"JNR3392/SE","G001513227","20250817","6050-3","001944"
"RQW4A43/SE","G001513228","20250817","6050-3","001944"
"QMI0958/SE","G001513229","20250817","6050-3","001944"
"QKS3F14/SE","G001513234","20250819","6050-3","001944"
"IAD4J71/SE","G001513235","20250820","6050-3","001944"
"RQW5D61/SE","G001513236","20250821","6050-3","001944"
"RRA3G85/SE","G001513237","20250823","6050-3","001944"
"QKN1656/SE","G001513238","20250823","6050-3","001944"
"QKT2350/SE","G001513242","20250824","7463-0","001944"
"NTJ3D95/SE","G001513243","20250817","6050-3","001944"
"OEN1B56/SE","G001513244","20250818","6050-3","001944"
"OEM9D49/SE","G001513248","20250823","6050-3","001944"
"QMK1B08/SE","G001513250","20250823","7455-0","001944"
"OEN3E09/SE","G001513251","20250823","6050-3","001944"
"RRG4G11/SE","G001513252","20250822","6050-3","001944"
"OEP5618/SE","G001513254","20250824","6050-3","001944"
"QMF8880/SE","G001513256","20250819","7455-0","001944"
"RRC8I38/SE","G001513258","20250820","7455-0","001944"
"IAI4566/SE","G001513260","20250823","7455-0","001944"
"IAJ4J83/SE","G001513263","20250821","7455-0","001944"
"OEO3I45/SE","G001513264","20250821","7455-0","001944"
"QME2B03/SE","G001513265","20250823","7463-0","001944"
"DPW9I54/SE","G001513269","20250818","7455-0","001944"
"RRF5C15/SE","G001513271","20250817","7455-0","001944"
"NVH5B62/SE","G001513274","20250817","7455-0","001944"
"RVY0D83/SE","G001513275","20250817","7455-0","001944"
"QKU7H27/SE","G001513276","20250817","7455-0","001944"
"QMK2J54/SE","G001513279","20250818","7455-0","001944"
"QMK2J54/SE","G001513280","20250819","7455-0","001944"
"QMM2I33/SE","G001513281","20250819","7455-0","001944"
"QMM5A26/SE","G001513283","20250820","7455-0","001944"
"TNW0I85/SE","G001513284","20250821","7455-0","001944"
"TNU8G87/SE","G001513285","20250821","7463-0","001944"
"QMA9774/SE","G001513286","20250822","7455-0","001944"
"QMI5D13/SE","G001513292","20250824","7455-0","001944"
"QMF0E92/SE","G001513293","20250822","7455-0","001944"
"QKY0B12/SE","G001513294","20250823","6050-3","001944"
"RRD7H07/SE","G001513297","20250824","6050-3","001944"
"PYN2012/SE","G001513299","20250817","6050-3","001944"
"FAO7638/SE","G001513300","20250817","7455-0","001944"
"TNV8H48/SE","G001513305","20250817","7455-0","001944"
"TNW5B94/SE","G001513307","20250818","7455-0","001944"
"QKV2294/SE","G001513308","20250818","7455-0","001944"
"HZY4H84/SE","G001513310","20250818","7455-0","001944"
"RQZ8F88/SE","G001513311","20250823","6050-3","001944"
"QMM7F30/SE","G001513312","20250815","7455-0","001944"
"QMM7F30/SE","G001513313","20250815","6050-3","001944"
"TNW0B48/SE","G001513315","20250817","7455-0","001944"
"RQX3A43/SE","G001513316","20250817","7455-0","001944"
"RGU4C70/SE","G001513317","20250817","6050-3","001944"
"RQZ9G47/SE","G001513318","20250817","6050-3","001944"
"RRF2I60/SE","G001513321","20250817","6050-3","001944"
"QMF4721/SE","G001513322","20250817","7455-0","001944"
"QMC1I60/SE","G001513323","20250817","7455-0","001944"
"QMG9C90/SE","G001513324","20250817","7455-0","001944"
"RVG8G20/SE","G001513325","20250817","6050-3","001944"
"NVN7291/SE","G001513326","20250817","7455-0","001944"
"TNV7A05/SE","G001513327","20250818","7455-0","001944"
"IAN2H76/SE","G001513328","20250818","7455-0","001944"
"RRC4A01/SE","G001513329","20250819","6050-3","001944"
"RRH8F62/SE","G001513330","20250819","6050-3","001944"
"RRG2D04/SE","G001513332","20250817","6050-3","001944"
"QME4F52/SE","G001513333","20250817","7471-0","001944"
"QMD2A28/SE","G001513334","20250817","7455-0","001944"
"KQW9I99/SE","G001513335","20250817","6050-3","001944"
"QKX0432/SE","G001513338","20250818","6050-3","001944"
"TNV4B47/SE","G001513340","20250820","6050-3","001944"
"RQX8J13/SE","G001513346","20250817","7455-0","001944"
"ORK9J07/SE","G001513347","20250817","7455-0","001944"
"QMO6J73/SE","G001513350","20250818","7455-0","001944"
"RPX0I25/SE","G001513352","20250820","7463-0","001944"
"RRD4H89/SE","G001513354","20250820","7455-0","001944"
"QKS3B96/SE","G001513355","20250821","7455-0","001944"
"QMJ1A56/SE","G001513356","20250822","7455-0","001944"
"IAL9C48/SE","G001513357","20250822","7455-0","001944"
"HZS4536/SE","G001513359","20250823","7463-0","001944"
"QMA9327/SE","G001513362","20250824","7455-0","001944"
"QMJ1A93/SE","G001513363","20250824","7455-0","001944"
"RRC0D06/SE","G001513364","20250824","7455-0","001944"
"PGR7J48/SE","G001513369","20250817","7455-0","001944"
"TNU0A46/SE","G001513370","20250824","7455-0","001944"
"QMD2C68/SE","G001513372","20250817","7463-0","001944"
"QMO7B50/SE","G001513373","20250817","6050-3","001944"
"IAP9F39/SE","G001513374","20250820","6050-3","001944"
"IAL9H60/SE","G001513376","20250817","7463-0","001944"
"IAM6C25/SE","G001513378","20250819","7455-0","001944"
"HZQ7550/SE","G001513379","20250820","6050-3","001944"
"QKO5H14/SE","G001513381","20250822","7455-0","001944"
"LQJ9I59/SE","G001513382","20250823","7455-0","001944"
"QKX6H08/SE","G001513386","20250818","6050-3","001944"
"QKX0A17/SE","G001513387","20250818","6050-3","001944"
"OHF3J52/SE","G001513389","20250818","6050-3","001944"
"QMH5B09/SE","G001513390","20250819","6050-3","001944"
"FDA6H85/SE","G001513394","20250823","6050-3","001944"
"RRH7J53/SE","G001513396","20250817","7455-0","001944"
"QMI7D59/SE","G001513397","20250817","7455-0","001944"
"RRE3J22/SE","G001513400","20250818","7455-0","001944"
"JRT5995/SE","G001513407","20250823","6050-3","001944"
"RQY2E34/SE","G001513411","20250824","6050-3","001944"
"OEO9A81/SE","G001513412","20250824","7455-0","001944"
"TNW0A25/SE","G001513413","20250824","7455-0","001944"
"TNW8H63/SE","G001513414","20250824","7455-0","001944"
"RRD0C06/SE","G001513416","20250824","6050-3","001944"
"OER4974/SE","G001513421","20250821","7463-0","001944"
"QMB9B76/SE","G001513423","20250822","7455-0","001944"
"QKR9B91/SE","G001513426","20250824","7455-0","001944"
"IAP0714/SE","G001513431","20250819","7463-0","001944"
"IAP0714/SE","G001513433","20250821","7455-0","001944"
"QWI9B17/SE","G001513434","20250816","7455-0","001944"
"QMO5E84/SE","G001513435","20250816","7455-0","001944"
"NYX4A99/SE","G001513436","20250816","7455-0","001944"
"NVI0517/SE","G001513437","20250817","7455-0","001944"
"QKP2139/SE","G001513438","20250817","6050-3","001944"
"NVG1506/SE","G001513440","20250817","6050-3","001944"
"OEP2877/SE","G001513443","20250819","7455-0","001944"
"OEQ1B08/SE","G001513445","20250819","7455-0","001944"
"OEQ2H23/SE","G001513446","20250820","6050-3","001944"
"QMJ6D55/SE","G001513449","20250822","7455-0","001944"
"IAA1G04/SE","G001513450","20250822","6050-3","001944"
"OEO1B08/SE","G001513451","20250822","7455-0","001944"
"QML1B38/SE","G001513453","20250824","7455-0","001944"
"QML1F97/SE","G001513455","20250824","7455-0","001944"
"QMJ6A59/SE","G001513460","20250817","6050-3","001944"
"QKU3B19/SE","G001513461","20250818","6050-3","001944"
"QMH2980/SE","G001513464","20250820","6050-3","001944"
"RRG4I28/SE","G001513468","20250824","7455-0","001944"
"QML2D68/SE","G001513472","20250816","6050-3","001944"
"PDE3D45/SE","G001513473","20250817","7455-0","001944"
"IAG4802/SE","G001513477","20250823","6050-3","001944"
"QKV0442/SE","G001513478","20250823","6050-3","001944"
"RRE2D29/SE","G001513482","20250824","6050-3","001944"
"QKP0B42/SE","G001513483","20250816","7455-0","001944"
"SHO0F53/SE","G001513484","20250816","7455-0","001944"
"IAL9G12/SE","G001513489","20250817","7455-0","001944"
"OEM9G96/SE","G001513491","20250817","7455-0","001944"
"RRA6D08/SE","G001513492","20250817","7455-0","001944"
"TNV4C06/SE","G001513494","20250818","6050-3","001944"
"QMF2483/SE","G001513497","20250819","7455-0","001944"
"RUE6I94/SE","G001513498","20250819","6050-3","001944"
"QMJ7J61/SE","G001513500","20250820","5673-2","001944"
"QKP8G89/SE","G001513502","20250821","7455-0","001944"
"OEL5H74/SE","G001513505","20250821","7455-0","001944"
"HZK3399/SE","G001513506","20250821","7455-0","001944"
"NVN3720/SE","G001513508","20250822","7455-0","001944"
"QWK4D45/SE","G001513509","20250822","7455-0","001944"
"QSH8C60/SE","G001513510","20250823","7455-0","001944"
"RRG0C95/SE","G001513511","20250823","7455-0","001944"
"QMG6786/SE","G001513512","20250823","6050-3","001944"
"PCC6C33/SE","G001513513","20250823","7455-0","001944"
"QMC4849/SE","G001513514","20250824","6050-3","001944"
"MUN4449/SE","G001513515","20250824","7455-0","001944"
"RRH0A88/SE","G001513516","20250816","6050-3","001944"
"HZO8516/SE","G001513518","20250816","7455-0","001944"
"IAB2A99/SE","G001513519","20250816","7455-0","001944"
"QMP3F14/SE","G001513520","20250817","7455-0","001944"
"RQX1I20/SE","G001513522","20250817","7455-0","001944"
"IAN1B22/SE","G001513523","20250817","7455-0","001944"
"QMK4E85/SE","G001513524","20250817","7455-0","001944"
"HZR8609/SE","G001513525","20250817","7455-0","001944"
"TNU3A17/SE","G001513526","20250818","7463-0","001944"
"QKW4494/SE","G001513527","20250818","7455-0","001944"
"TNU9I53/SE","G001513528","20250818","6050-3","001944"
"IAF9F18/SE","G001513530","20250820","7455-0","001944"
"HZS3156/SE","G001513531","20250820","6050-3","001944"
"RRC2G60/SE","G001513532","20250820","7455-0","001944"
"SHO0F53/SE","G001513534","20250821","7455-0","001944"
"IAB8E32/SE","G001513535","20250821","7455-0","001944"
"RRA0I48/SE","G001513536","20250821","6050-3","001944"
"RQY2H97/SE","G001513541","20250823","7455-0","001944"
"OKS4F86/SE","G001513543","20250823","7455-0","001944"
"QKX1C25/SE","G001513545","20250824","6050-3","001944"
"QMP4I73/SE","G001513546","20250824","7455-0","001944"
"NVK9A16/SE","G001513547","20250824","7455-0","001944"
"IAH0B21/SE","G001513548","20250816","7455-0","001944"
"IXS9H97/SE","G001513549","20250816","6050-3","001944"
"OUF2450/SE","G001513550","20250817","6050-3","001944"
"QMK9G93/SE","G001513551","20250818","6050-3","001944"
"QME4093/SE","G001513552","20250818","6050-3","001944"
"HZI1358/SE","G001513557","20250821","6050-3","001944"
"QKX5977/SE","G001513561","20250822","6050-3","001944"
"QKZ7B83/SE","G001513562","20250822","6050-3","001944"
"QMI3D90/SE","G001513568","20250822","6050-3","001944"
"OEM3I69/SE","G001513570","20250823","6050-3","001944"
"JLF8394/SE","G001513572","20250824","6050-3","001944"
"QMK0E41/SE","G001513573","20250824","7455-0","001944"
"IAJ7688/SE","G001513577","20250817","7463-0","001944"
"IAG0213/SE","G001513580","20250817","7455-0","001944"
"QKT7G20/SE","G001513581","20250817","7455-0","001944"
"QME1979/SE","G001513584","20250817","7455-0","001944"
"RRA2C54/SE","G001513585","20250817","7455-0","001944"
"IAA5867/SE","G001513586","20250817","7455-0","001944"
"RRH4I71/SE","G001513588","20250817","7455-0","001944"
"AZM0547/SE","G001513589","20250817","7455-0","001944"
"RRA2F01/SE","G001513590","20250817","7455-0","001944"
"QML3E70/SE","G001513595","20250817","7455-0","001944"
"IAD8C10/SE","G001513596","20250817","7455-0","001944"
"HZN4358/SE","G001513597","20250817","7455-0","001944"
"QMO2H33/SE","G001513598","20250817","7455-0","001944"
"QMB5000/SE","G001513600","20250817","7455-0","001944"
"OEO1J46/SE","G001513601","20250817","7455-0","001944"
"QMD7B64/SE","G001513602","20250817","7455-0","001944"
"QKT8G16/SE","G001513603","20250817","7455-0","001944"
"QKO0F37/SE","G001513604","20250817","7455-0","001944"
"IAN6A99/SE","G001513605","20250817","7455-0","001944"
"IAD3307/SE","G001513606","20250818","7455-0","001944"
"HZS9287/SE","G001513609","20250818","7455-0","001944"
"QKP4J29/SE","G001513611","20250818","7463-0","001944"
"OUJ7A09/SE","G001513612","20250818","7455-0","001944"
"QKR9572/SE","G001513616","20250818","7455-0","001944"
"OEJ6I81/SE","G001513620","20250818","7455-0","001944"
"RRH8I33/SE","G001513621","20250818","7455-0","001944"
"QMC1F21/SE","G001513622","20250818","7455-0","001944"
"QMK8C70/SE","G001513623","20250818","7463-0","001944"
"RRH2B31/SE","G001513624","20250819","7455-0","001944"
"QYR2I71/SE","G001513630","20250819","7455-0","001944"
"HZQ2G59/SE","G001513631","20250819","7455-0","001944"
"RRA7A49/SE","G001513632","20250819","7455-0","001944"
"OEO0E89/SE","G001513633","20250819","7455-0","001944"
"IAH4552/SE","G001513634","20250819","7455-0","001944"
"TNU1E79/SE","G001513635","20250819","7455-0","001944"
"NVK3271/SE","G001513636","20250819","7455-0","001944"
"RQX8E15/SE","G001513638","20250819","7455-0","001944"
"TNU6C29/SE","G001513639","20250819","7455-0","001944"
"FQG2C42/SE","G001513643","20250819","7455-0","001944"
"RGP1H06/SE","G001513644","20250820","7455-0","001944"
"NVJ9G54/SE","G001513647","20250820","7455-0","001944"
"QKU8903/SE","G001513649","20250820","7455-0","001944"
"QMN2G33/SE","G001513651","20250820","7455-0","001944"
"QXD8I04/SE","G001513652","20250820","7455-0","001944"
"NVJ7615/SE","G001513653","20250820","7455-0","001944"
"QMA3173/SE","G001513655","20250820","7455-0","001944"
"TNU0I43/SE","G001513656","20250820","7463-0","001944"
"OES0585/SE","G001513657","20250820","7455-0","001944"
"TNW1C25/SE","G001513660","20250821","7455-0","001944"
"JPR4415/SE","G001513662","20250821","7455-0","001944"
"QML1G20/SE","G001513663","20250821","7455-0","001944"
"RQX8B50/SE","G001513664","20250821","7455-0","001944"
"OZB1G45/SE","G001513665","20250821","7455-0","001944"
"QMJ2E24/SE","G001513667","20250821","7455-0","001944"
"NVJ1G54/SE","G001513668","20250821","7455-0","001944"
"HZK3399/SE","G001513669","20250821","7455-0","001944"
"IAM4H98/SE","G001513670","20250822","7471-0","001944"
"QKO5121/SE","G001513671","20250822","7455-0","001944"
"QMI5835/SE","G001513672","20250822","7455-0","001944"
"RPR4J41/SE","G001513673","20250822","7455-0","001944"
"PYY7E07/SE","G001513675","20250822","7455-0","001944"
"QMF2755/SE","G001513679","20250822","7455-0","001944"
"RRF2I44/SE","G001513682","20250822","7455-0","001944"
"MVF2660/SE","G001513684","20250822","7455-0","001944"
"RRF7J94/SE","G001513685","20250822","7455-0","001944"
"OEL8573/SE","G001513686","20250822","7455-0","001944"
"IAI7360/SE","G001513687","20250822","7455-0","001944"
"IAC7C08/SE","G001513688","20250822","7455-0","001944"
"QMI8D45/SE","G001513689","20250822","7463-0","001944"
"NVH2629/SE","G001513690","20250822","7455-0","001944"
"QMO6J73/SE","G001513692","20250822","7455-0","001944"
"IAB3289/SE","G001513693","20250822","7455-0","001944"
"QMH1E94/SE","G001513694","20250822","7455-0","001944"
"QMC8D86/SE","G001513695","20250822","7455-0","001944"
"TNV5I95/SE","G001513696","20250823","7463-0","001944"
"RRG2E75/SE","G001513700","20250823","7455-0","001944"
"HZX0G10/SE","G001513701","20250823","7455-0","001944"
"JVM3J34/SE","G001513702","20250823","7455-0","001944"
"OEO0439/SE","G001513703","20250823","7455-0","001944"
"RQZ8I43/SE","G001513705","20250823","7455-0","001944"
"IAN1947/SE","G001513707","20250823","7455-0","001944"
"OEP1196/SE","G001513708","20250823","7455-0","001944"
"RRF9I18/SE","G001513709","20250823","7455-0","001944"
"OEO1J65/SE","G001513710","20250823","7455-0","001944"
"QKT5C46/SE","G001513711","20250823","7455-0","001944"
"QMM0G91/SE","G001513712","20250823","7455-0","001944"
"QMF7H21/SE","G001513713","20250823","7455-0","001944"
"RRC7G98/SE","G001513714","20250823","7455-0","001944"
"OES6I40/SE","G001513715","20250823","7455-0","001944"
"RMW7B51/SE","G001513716","20250823","7455-0","001944"
"QKY7D00/SE","G001513718","20250823","7455-0","001944"
"TNV9H28/SE","G001513719","20250823","7455-0","001944"
"JPB8804/SE","G001513722","20250823","7455-0","001944"
"QGO3E06/SE","G001513723","20250823","7455-0","001944"
"RRG8F99/SE","G001513724","20250823","7455-0","001944"
"OEK0H21/SE","G001513725","20250823","7455-0","001944"
"RRG4I42/SE","G001513726","20250823","7455-0","001944"
"RGD5C88/SE","G001513727","20250823","7455-0","001944"
"HZR4787/SE","G001513728","20250823","7463-0","001944"
"IAL0362/SE","G001513732","20250823","7455-0","001944"
"QKQ1481/SE","G001513733","20250824","7455-0","001944"
"TNW6H17/SE","G001513734","20250824","7455-0","001944"
"PJP0E16/SE","G001513736","20250824","7463-0","001944"
"QKP5G09/SE","G001513737","20250824","7455-0","001944"
"QKW7080/SE","G001513738","20250824","7455-0","001944"
"QMO5H51/SE","G001513739","20250824","7455-0","001944"
"QMM2D23/SE","G001513740","20250824","7463-0","001944"
"OEK6675/SE","G001513743","20250824","7455-0","001944"
"EZX9D74/SE","G001513747","20250824","7455-0","001944"
"JRN3E67/SE","G001513748","20250824","7455-0","001944"
"IAK8022/SE","G001513750","20250824","7455-0","001944"
"QMD7260/SE","G001513751","20250824","7455-0","001944"
"QKQ6J20/SE","G001513752","20250824","7455-0","001944"
"RQX7F49/SE","G001513754","20250824","7455-0","001944"
"KGR0414/SE","G001513755","20250824","7455-0","001944"
"QKY8D82/SE","G001513757","20250824","7455-0","001944"
"NVM7C70/SE","G001513759","20250824","7455-0","001944"
"PDG0D38/SE","G001513760","20250824","7455-0","001944"
"QLL3G98/SE","G001513761","20250824","7455-0","001944"
"IAN3096/SE","G001513762","20250824","7455-0","001944"
"NZL1E57/SE","G001513764","20250824","7455-0","001944"
"JLN7589/SE","G001513766","20250824","7455-0","001944"
"QMG0019/SE","G001513767","20250824","7455-0","001944"
"NVN6258/SE","G001513768","20250824","7455-0","001944"
"RNH7C49/SE","G001513770","20250824","7455-0","001944"
"RRF2A50/SE","G001513771","20250824","7455-0","001944"
"QME4B20/SE","G001513772","20250824","7455-0","001944"
"PFA1970/SE","G001513773","20250824","7455-0","001944"
"QMJ0E86/SE","G001513776","20250816","7455-0","001944"
"QKW7686/SE","G001513778","20250816","7455-0","001944"
"HZV7764/SE","G001513780","20250817","7455-0","001944"
"PFY3A40/SE","G001513782","20250817","7455-0","001944"
"QKY7717/SE","G001513783","20250817","7455-0","001944"
"QME5J60/SE","G001513785","20250817","7455-0","001944"
"QMB6456/SE","G001513786","20250817","7455-0","001944"
"RQX6A26/SE","G001513789","20250818","7455-0","001944"
"QMH4B33/SE","G001513790","20250818","7455-0","001944"
"QOK5283/SE","G001513793","20250818","7455-0","001944"
"RRG8A06/SE","G001513795","20250818","7455-0","001944"
"NVG1477/SE","G001513798","20250819","7455-0","001944"
"QKV2180/SE","G001513799","20250819","7455-0","001944"
"TNV4H37/SE","G001513800","20250819","7455-0","001944"
"QKZ8F14/SE","G001513802","20250819","7455-0","001944"
"QME7C72/SE","G001513803","20250819","7455-0","001944"
"RGY9D73/SE","G001513804","20250819","7455-0","001944"
"QLM7J81/SE","G001513806","20250819","7455-0","001944"
"QMP7I44/SE","G001513808","20250820","7455-0","001944"
"RQZ9J94/SE","G001513809","20250820","7455-0","001944"
"QMN6A26/SE","G001513810","20250820","7455-0","001944"
"QKN4B02/SE","G001513811","20250820","7455-0","001944"
"NVI5623/SE","G001513813","20250820","7455-0","001944"
"NVK9C83/SE","G001513814","20250820","7455-0","001944"
"OEM6J34/SE","G001513815","20250820","7455-0","001944"
"IAM4H98/SE","G001513818","20250821","7455-0","001944"
"RRG9H74/SE","G001513819","20250821","7455-0","001944"
"OER7181/SE","G001513820","20250821","7455-0","001944"
"RRA5F61/SE","G001513822","20250822","7455-0","001944"
"QMP6J09/SE","G001513824","20250822","7455-0","001944"
"RRB8F07/SE","G001513826","20250822","7455-0","001944"
"IAF8H28/SE","G001513827","20250822","7455-0","001944"
"QKT2521/SE","G001513829","20250822","7455-0","001944"
"RQW6J03/SE","G001513831","20250823","7455-0","001944"
"OER6450/SE","G001513834","20250823","7455-0","001944"
"JYS3G64/SE","G001513840","20250824","7455-0","001944"
"QMH1A13/SE","G001513842","20250824","7455-0","001944"
"HZO7I35/SE","G001513846","20250824","7455-0","001944"
"QKQ3D29/SE","G001513847","20250824","7455-0","001944"
"HZX3035/SE","G001513848","20250824","7463-0","001944"
"OES5086/SE","G001513849","20250815","7463-0","001944"
"IAJ7313/SE","G001513852","20250816","7455-0","001944"
"RRG1I60/SE","G001513854","20250816","7455-0","001944"
"RRE5F97/SE","G001513855","20250816","7463-0","001944"
"QMC8J01/SE","G001513856","20250816","7455-0","001944"
"RRA0F70/SE","G001513857","20250816","6050-3","001944"
"OER4C21/SE","G001513858","20250816","7455-0","001944"
"RRB0D69/SE","G001513860","20250816","7455-0","001944"
"MVH9H38/SE","G001513866","20250817","7455-0","001944"
"QKS3F84/SE","G001513869","20250817","7455-0","001944"
"OEJ5757/SE","G001513870","20250817","7455-0","001944"
"QKW5C74/SE","G001513872","20250817","7455-0","001944"
"QMO6C51/SE","G001513873","20250817","7455-0","001944"
"OUI3D30/SE","G001513874","20250817","6050-3","001944"
"SFT8A16/SE","G001513878","20250817","7455-0","001944"
"QMD2A28/SE","G001513879","20250817","7455-0","001944"
"QKO4805/SE","G001513881","20250817","7455-0","001944"
"QMK3G27/SE","G001513882","20250817","6050-3","001944"
"OES9910/SE","G001513884","20250817","6050-3","001944"
"RRC9E92/SE","G001513885","20250817","7455-0","001944"
"TNU1G86/SE","G001513886","20250817","7455-0","001944"
"QKP8918/SE","G001513887","20250817","7455-0","001944"
"QKW6659/SE","G001513888","20250817","7455-0","001944"
"QKR3H24/SE","G001513889","20250817","7455-0","001944"
"QKX7F48/SE","G001513890","20250817","6050-3","001944"
"QKW6659/SE","G001513896","20250817","6050-3","001944"
"QKR8825/SE","G001513898","20250817","7455-0","001944"
"RQY4A36/SE","G001513900","20250818","7455-0","001944"
"QKU6H13/SE","G001513901","20250818","7455-0","001944"
"QMF8B45/SE","G001513903","20250818","5673-2","001944"
"IAL1949/SE","G001513904","20250818","6050-3","001944"
"RRF4G44/SE","G001513905","20250818","7455-0","001944"
"RVG1D52/SE","G001513906","20250818","7455-0","001944"
"QMH3860/SE","G001513909","20250819","7455-0","001944"
"NVL6977/SE","G001513910","20250819","7463-0","001944"
"IAB0G81/SE","G001513911","20250819","7455-0","001944"
"NVG1477/SE","G001513913","20250819","7455-0","001944"
"IAE6I03/SE","G001513914","20250819","7455-0","001944"
"QKN3E66/SE","G001513915","20250819","7455-0","001944"
"PJZ8114/SE","G001513917","20250819","6050-3","001944"
"QMJ8C10/SE","G001513918","20250819","5673-2","001944"
"IAF8H28/SE","G001513920","20250820","7455-0","001944"
"QKN6I04/SE","G001513921","20250820","7455-0","001944"
"QMN6C78/SE","G001513923","20250820","7455-0","001944"
"FWA4E61/SE","G001513924","20250820","6050-3","001944"
"QME4H56/SE","G001513927","20250820","7455-0","001944"
"RQY7J10/SE","G001513928","20250820","7455-0","001944"
"NVM3J58/SE","G001513930","20250820","7455-0","001944"
"QKY5770/SE","G001513931","20250821","7455-0","001944"
"QMC6J64/SE","G001513932","20250821","7455-0","001944"
"RQY8J74/SE","G001513936","20250821","7455-0","001944"
"RQX8F64/SE","G001513937","20250821","7455-0","001944"
"RRA3A63/SE","G001513938","20250821","7455-0","001944"
"ORM5F27/SE","G001513939","20250821","7455-0","001944"
"TNU7B73/SE","G001513940","20250821","6050-3","001944"
"QMP0D79/SE","G001513942","20250821","7455-0","001944"
"QMH1J80/SE","G001513944","20250821","7455-0","001944"
"RQY2J08/SE","G001513947","20250822","7455-0","001944"
"NVH7B40/SE","G001513948","20250822","7455-0","001944"
"QMI3A90/SE","G001513950","20250822","7455-0","001944"
"RRG3J20/SE","G001513951","20250822","7455-0","001944"
"RRC4H40/SE","G001513953","20250822","6050-3","001944"
"QOW2G22/SE","G001513955","20250822","7455-0","001944"
"QMJ1G28/SE","G001513956","20250822","7455-0","001944"
"PFI3H21/SE","G001513960","20250823","7455-0","001944"
"QMH9I48/SE","G001513961","20250823","7463-0","001944"
"OEO1361/SE","G001513963","20250823","7455-0","001944"
"QMB8E08/SE","G001513965","20250823","7455-0","001944"
"QKN8452/SE","G001513967","20250823","7455-0","001944"
"HZN6328/SE","G001513968","20250823","7455-0","001944"
"QMD3I81/SE","G001513969","20250823","7463-0","001944"
"HZN6328/SE","G001513970","20250823","6050-3","001944"
"QKR6D23/SE","G001513971","20250823","7455-0","001944"
"JOU7C76/SE","G001513977","20250823","6050-3","001944"
"QKP9B23/SE","G001513978","20250824","7455-0","001944"
"RQZ7J93/SE","G001513979","20250816","7463-0","001944"
"NVJ5G23/SE","G001513980","20250816","7455-0","001944"
"RRH0E02/SE","G001513982","20250816","7455-0","001944"
"QMB9662/SE","G001513985","20250816","6050-3","001944"
"RQY9J64/SE","G001513986","20250816","7455-0","001944"
"QKZ8H08/SE","G001513987","20250816","6050-3","001944"
"GIU5J07/SE","G001513988","20250817","7463-0","001944"
"OEP5686/SE","G001513989","20250817","7455-0","001944"
"SKD4E89/SE","G001513990","20250817","6050-3","001944"
"RRE1D36/SE","G001513991","20250817","6050-3","001944"
"PGD2666/SE","G001513994","20250817","6050-3","001944"
"NVJ1F16/SE","G001513995","20250817","7455-0","001944"
"NVM5941/SE","G001513996","20250817","6050-3","001944"
"RRD1C75/SE","G001513999","20250817","6050-3","001944"
"QMC0208/SE","G001514001","20250817","7455-0","001944"
"NVJ9F55/SE","G001514002","20250818","7455-0","001944"
"RRC1B54/SE","G001514006","20250820","7455-0","001944"
"OER8565/SE","G001514007","20250820","7455-0","001944"
"NVK9639/SE","G001514008","20250820","6050-3","001944"
"OEJ8244/SE","G001514010","20250821","6050-3","001944"
"TNU8I76/SE","G001514012","20250821","6050-3","001944"
"IAJ0931/SE","G001514016","20250822","6050-3","001944"
"OES0A48/SE","G001514017","20250822","7455-0","001944"
"OEO4604/SE","G001514020","20250822","6050-3","001944"
"QLA9J78/SE","G001514023","20250823","7455-0","001944"
"QMP9F05/SE","G001514025","20250823","6050-3","001944"
"LVE2E95/SE","G001514028","20250823","7455-0","001944"
"HZV8370/SE","H000772201","20250817","7455-0","001944"
"QME0534/SE","H000772202","20250817","7455-0","001944"
"QLK5B64/SE","H000772203","20250818","7455-0","001944"
"RRG0A26/SE","H000772208","20250818","7455-0","001944"
"QMC4761/SE","H000772209","20250818","7455-0","001944"
"OEO2529/SE","H000772213","20250819","7463-0","001944"
"NVI5214/SE","H000772214","20250819","7455-0","001944"
"HZX9067/SE","H000772215","20250819","7455-0","001944"
"NVK0H32/SE","H000772230","20250821","7455-0","001944"
"NVH0C79/SE","H000772234","20250823","7463-0","001944"
"OEO5916/SE","H000772235","20250823","7455-0","001944"
"IAK0773/SE","H000772237","20250823","7455-0","001944"
"RRC6J94/SE","H000772241","20250824","7455-0","001944"
"OEN6D51/SE","H000772242","20250824","7455-0","001944"
"OZB5A73/SE","H000772248","20250818","7455-0","001944"
"QMO6E64/SE","H000772249","20250818","7455-0","001944"
"QKR6H39/SE","H000772251","20250818","7455-0","001944"
"RQW8D70/SE","H000772253","20250819","7455-0","001944"
"QKZ5848/SE","H000772255","20250820","7463-0","001944"
"QKN8H17/SE","H000772258","20250821","7455-0","001944"
"QKS6E78/SE","H000772260","20250821","7455-0","001944"
"IAH1D11/SE","H000772263","20250822","7455-0","001944"
"QIN4D78/SE","H000772265","20250823","7455-0","001944"
"TNU4D82/SE","H000772266","20250823","7455-0","001944"
"QMG0282/SE","H000772267","20250823","7455-0","001944"
"RRH0B25/SE","H000772268","20250823","7455-0","001944"
"QKQ0269/SE","H000772269","20250824","7455-0","001944"
"RRF3B33/SE","H000772270","20250824","7463-0","001944"
"QKN9F62/SE","H000772272","20250824","7455-0","001944"
"IAF8F72/SE","H000772277","20250816","7455-0","001944"
"MUH2B23/SE","H000772278","20250817","7455-0","001944"
"RRF3J72/SE","H000772279","20250817","7455-0","001944"
"PJN7A58/SE","H000772280","20250817","7455-0","001944"
"RRD2B59/SE","H000772283","20250817","7455-0","001944"
"RPZ6D39/SE","H000772284","20250820","7455-0","001944"
"PUV5I53/SE","H000772293","20250824","7455-0","001944"
"QMF6552/SE","H000772295","20250816","7455-0","001944"
"QKO8I60/SE","H000772298","20250817","7455-0","001944"
"QKS1F85/SE","H000772299","20250817","7455-0","001944"
"OEL3I85/SE","H000772300","20250818","7455-0","001944"
"QOI7I29/SE","H000772301","20250818","7455-0","001944"
"TNV5F81/SE","H000772306","20250821","7455-0","001944"
"RQX6I35/SE","H000772308","20250822","7455-0","001944"
"TNW4H50/SE","H000772310","20250823","7455-0","001944"
"SIB4C23/SE","H000772312","20250823","7463-0","001944"
"TNU4A55/SE","H000772313","20250823","7455-0","001944"
"RRG4I28/SE","H000772316","20250824","7455-0","001944"
"QKZ7141/SE","H000772317","20250824","7463-0","001944"
"NVG9G53/SE","H000772318","20250817","7455-0","001944"
"RRC0G00/SE","H000772323","20250820","7463-0","001944"
"IAG7510/SE","H000772329","20250823","7455-0","001944"
"RQX5G07/SE","H000772332","20250816","7463-0","001944"
"HZP1F78/SE","H000772339","20250823","7463-0","001944"
"NVN6J69/SE","H000772342","20250817","7463-0","001944"
"RRE6B48/SE","H000772344","20250817","7455-0","001944"
"RQY6E72/SE","H000772347","20250819","7463-0","001944"
"RRE0H93/SE","H000772349","20250820","7455-0","001944"
"RRC0G00/SE","H000772350","20250820","7455-0","001944"
"QMM1A27/SE","H000772356","20250823","7455-0","001944"
"OES1699/SE","H000772358","20250817","7455-0","001944"
"TNV5A73/SE","H000772360","20250820","7455-0","001944"
"RRC3H92/SE","H000772361","20250820","7463-0","001944"
"OEM3743/SE","H000772362","20250820","7455-0","001944"
"QMP4D22/SE","H000772363","20250821","7455-0","001944"
"RQX4D03/SE","H000772364","20250822","7455-0","001944"
"TNU6D29/SE","H000772368","20250823","7455-0","001944"
"RRB1C61/SE","H000772383","20250817","7455-0","001944"
"QKX6E17/SE","H000772388","20250820","7455-0","001944"
"QKZ7399/SE","H000772392","20250823","7455-0","001944"
"QKQ1772/SE","H000772393","20250823","7455-0","001944"
"QMH7A79/SE","H000772395","20250817","7471-0","001944"
"NVG9G53/SE","H000772396","20250817","7455-0","001944"
"RRE8F52/SE","H000772400","20250818","7463-0","001944"
"QMI7498/SE","H000772404","20250820","7455-0","001944"
"RRC0G00/SE","H000772405","20250820","7455-0","001944"
"NVK4925/SE","H000772407","20250821","7455-0","001944"
"RRF5C60/SE","H000772411","20250822","7455-0","001944"
"RRH3D56/SE","H000772413","20250822","7463-0","001944"
"HZP1F78/SE","H000772415","20250823","7463-0","001944"
"RRG0J05/SE","H000772417","20250823","7455-0","001944"
"TNV7F30/SE","H000772418","20250824","7455-0","001944"
"RRH2B88/SE","H000772421","20250816","7463-0","001944"
"QML2E63/SE","H000772423","20250817","7455-0","001944"
"OEK4G08/SE","H000772425","20250818","7455-0","001944"
"QKX6B78/SE","H000772429","20250819","7455-0","001944"
"QMN9A41/SE","H000772437","20250823","7455-0","001944"
"HWE5D48/SE","H000772441","20250824","7455-0","001944"
"RRF0J00/SE","H000772445","20250820","7455-0","001944"
"QML2J72/SE","H000772448","20250822","7455-0","001944"
"NVH2750/SE","H000772449","20250822","7455-0","001944"
"RRC3A50/SE","H000772450","20250822","7455-0","001944"
"RQY7H50/SE","H000772451","20250824","7455-0","001944"
"IAA6532/SE","H000772455","20250824","7455-0","001944"
"TNU9G82/SE","H000772456","20250824","7455-0","001944"
"RQW4D12/SE","H000772459","20250819","7455-0","001944"
"HZE4578/SE","H000772460","20250819","7455-0","001944"
"RRH6A08/SE","H000772462","20250822","7455-0","001944"
"MUU8D92/SE","H000772465","20250823","7455-0","001944"
"RFL2F75/SE","H000772469","20250823","7455-0","001944"
"NVL0578/SE","H000772470","20250824","7455-0","001944"
"EHM4A27/SE","H000772472","20250824","7455-0","001944"
"RQZ7I53/SE","H000772474","20250824","7455-0","001944"
"RRA8B41/SE","H000772476","20250823","7455-0","001944"
"RRE0B20/SE","H000772478","20250824","7455-0","001944"
"RQW3E86/SE","H000772480","20250817","7455-0","001944"
"RQX2C62/SE","H000772483","20250817","7455-0","001944"
"QMB9B49/SE","H000772484","20250817","7455-0","001944"
"QSC9E99/SE","H000772485","20250818","7455-0","001944"
"NVG7238/SE","H000772488","20250819","7455-0","001944"
"OEM6F46/SE","H000772490","20250820","7455-0","001944"
"RRF1H69/SE","H000772491","20250820","7455-0","001944"
"TNU2J15/SE","H000772493","20250820","7463-0","001944"
"NVG7239/SE","H000772494","20250821","7455-0","001944"
"TNV5F99/SE","H000772495","20250821","7455-0","001944"
"NVG7238/SE","H000772499","20250823","7455-0","001944"
"RRE5J46/SE","H000772503","20250823","7455-0","001944"
"QMN0B72/SE","H000772504","20250823","7455-0","001944"
"QMG4B09/SE","H000772505","20250824","7455-0","001944"
"RDC5D90/SE","H000772506","20250824","7455-0","001944"
"OES3C16/SE","H000772507","20250824","7455-0","001944"
"MDZ0J96/SE","H000772509","20250816","7463-0","001944"
"OER5D28/SE","H000772511","20250817","7455-0","001944"
"QKS9D18/SE","H000772512","20250817","7471-0","001944"
"RRA1B93/SE","H000772514","20250818","7455-0","001944"
"NVK9001/SE","H000772517","20250819","7455-0","001944"
"OEP9C72/SE","H000772518","20250819","7455-0","001944"
"MDZ0J96/SE","H000772520","20250822","7463-0","001944"
"TNW0D56/SE","H000772522","20250823","7455-0","001944"
"IAF9398/SE","H000772533","20250817","7463-0","001944"
"RQY4C02/SE","H000772534","20250817","7455-0","001944"
"IAF9398/SE","H000772536","20250818","7463-0","001944"
"IAF9398/SE","H000772537","20250820","7463-0","001944"
"IAD6635/SE","H000772541","20250824","7455-0","001944"
"RQY2H97/SE","H000772542","20250816","7455-0","001944"
"IAF9398/SE","H000772543","20250816","7463-0","001944"
"IAF9398/SE","H000772544","20250816","7463-0","001944"
"IAJ2879/SE","H000772545","20250818","7455-0","001944"
"RRG0C12/SE","H000772546","20250819","7455-0","001944"
"TNU8G87/SE","H000772548","20250821","7455-0","001944"
"QKW3B34/SE","H000772550","20250823","7455-0","001944"
"IAF9398/SE","H000772555","20250820","7463-0","001944"
"QMD2F52/SE","H000772560","20250823","7455-0","001944"
"IAF9398/SE","H000772561","20250816","7463-0","001944"
"IAK8562/SE","H000772562","20250817","7455-0","001944"
"OEM4E22/SE","H000772564","20250817","7455-0","001944"
"QMN0A55/SE","H000772565","20250817","7455-0","001944"
"RRC4B75/SE","H000772566","20250818","7455-0","001944"
"IAF9398/SE","H000772568","20250819","7455-0","001944"
"QMH4978/SE","H000772569","20250820","7455-0","001944"
"TNW0D75/SE","H000772572","20250821","7455-0","001944"
"QKU7736/SE","H000772574","20250823","7455-0","001944"
"QKW3B34/SE","H000772576","20250823","7455-0","001944"
"IAF9398/SE","H000772578","20250816","7463-0","001944"
"RRB2J10/SE","H000772581","20250817","7455-0","001944"
"QKP7C91/SE","H000772582","20250817","7455-0","001944"
"QMP6B06/SE","H000772583","20250817","7463-0","001944"
"IAJ2879/SE","H000772585","20250817","7455-0","001944"
"RRB7B45/SE","H000772589","20250817","7463-0","001944"
"RRD8E97/SE","H000772590","20250817","7455-0","001944"
"QMM3B92/SE","H000772599","20250819","7455-0","001944"
"IAF6905/SE","H000772601","20250819","7455-0","001944"
"SKH8C72/SE","H000772602","20250819","7455-0","001944"
"IAF9398/SE","H000772603","20250819","7463-0","001944"
"OXE8649/SE","H000772610","20250820","7455-0","001944"
"OER4974/SE","H000772619","20250821","7455-0","001944"
"IAO4494/SE","H000772621","20250822","7455-0","001944"
"OEK7169/SE","H000772624","20250822","7455-0","001944"
"RDQ4J00/SE","H000772625","20250822","7455-0","001944"
"QNH5A40/SE","H000772627","20250822","7455-0","001944"
"NVG3F96/SE","H000772637","20250824","7463-0","001944"
"OEK4G69/SE","H000772639","20250824","7455-0","001944"
"QMF8B14/SE","H000772640","20250824","7455-0","001944"
"RRE3J22/SE","H000772641","20250824","7463-0","001944"
"TNU6B12/SE","H000772643","20250824","7455-0","001944"
"ORF1366/SE","H000772645","20250824","7455-0","001944"
"RRA6H34/SE","H000772650","20250825","7463-0","001944"
"RRC3G70/SE","H000772651","20250817","7455-0","001944"
"TNW2J12/SE","H000772662","20250820","7455-0","001944"
"HZW0815/SE","H000772664","20250820","7455-0","001944"
"OKX3B15/SE","H000772665","20250820","7455-0","001944"
"QKN2A85/SE","H000772668","20250820","7463-0","001944"
"OEO0C82/SE","H000772669","20250821","7455-0","001944"
"IAN2962/SE","H000772670","20250821","7455-0","001944"
"RRG7H04/SE","H000772671","20250821","7455-0","001944"
"IAJ5821/SE","H000772673","20250821","7455-0","001944"
"QMM8H99/SE","H000772675","20250822","7455-0","001944"
"QMK1B79/SE","H000772676","20250822","7455-0","001944"
"RRA6H34/SE","H000772680","20250822","7463-0","001944"
"RQW5I01/SE","H000772681","20250823","7455-0","001944"
"RRA1E09/SE","H000772682","20250823","7455-0","001944"
"QKQ0I61/SE","H000772688","20250824","7455-0","001944"
"NVH7825/SE","H000772689","20250824","7455-0","001944"
"HZK3399/SE","H000772692","20250824","7455-0","001944"
"QMP6B06/SE","H000772695","20250817","7455-0","001944"
"QOC8911/SE","H000772698","20250817","7455-0","001944"
"RRH1I06/SE","H000772699","20250817","7455-0","001944"
"OAU2E82/SE","H000772705","20250817","7455-0","001944"
"TNU9I53/SE","H000772706","20250818","7463-0","001944"
"IAJ9448/SE","H000772710","20250818","7455-0","001944"
"QMP0A57/SE","H000772713","20250819","7455-0","001944"
"QMH5J23/SE","H000772714","20250819","7455-0","001944"
"QMH6591/SE","H000772717","20250819","7455-0","001944"
"JSP2D79/SE","H000772718","20250819","7455-0","001944"
"QMD3132/SE","H000772719","20250819","7455-0","001944"
"RRE8I50/SE","H000772720","20250819","7455-0","001944"
"QMJ7C43/SE","H000772721","20250820","7455-0","001944"
"RRC7B99/SE","H000772722","20250820","7455-0","001944"
"QMD3056/SE","H000772724","20250820","7455-0","001944"
"NVJ9F20/SE","H000772725","20250820","7455-0","001944"
"QMF7A02/SE","H000772726","20250820","7455-0","001944"
"RPA8D53/SE","H000772727","20250820","7455-0","001944"
"RRF8E01/SE","H000772728","20250821","7455-0","001944"
"TNU8G87/SE","H000772730","20250821","7463-0","001944"
"OES9A25/SE","H000772732","20250821","7455-0","001944"
"QMK6H41/SE","H000772733","20250821","7463-0","001944"
"RRH2J72/SE","H000772735","20250821","7455-0","001944"
"QMD3132/SE","H000772736","20250821","7455-0","001944"
"RRG2I57/SE","H000772738","20250822","7455-0","001944"
"QME0141/SE","H000772740","20250822","7455-0","001944"
"QMD7921/SE","H000772743","20250823","7455-0","001944"
"IAG5I32/SE","H000772745","20250823","7455-0","001944"
"IAJ6F77/SE","H000772751","20250824","7455-0","001944"
"TNU8A60/SE","H000772752","20250824","7455-0","001944"
"QKU8903/SE","H000772754","20250825","7455-0","001944"
"QMH9785/SE","H000772758","20250817","7455-0","001944"
"OZB3882/SE","H000772764","20250820","7463-0","001944"
"IAL2141/SE","H000772768","20250821","7455-0","001944"
"OHE4E79/SE","H000772769","20250822","7455-0","001944"
"RRA0I02/SE","H000772770","20250822","7455-0","001944"
"IAE9388/SE","H000772771","20250822","7463-0","001944"
"QMJ8H67/SE","H000772772","20250822","7455-0","001944"
"TNW7G41/SE","H000772773","20250822","7455-0","001944"
"QMK1I08/SE","H000772779","20250823","7455-0","001944"
"RQW6A51/SE","H000772780","20250823","7455-0","001944"
"OEP9C72/SE","H000772782","20250824","7455-0","001944"
"QKZ8663/SE","H000772784","20250818","7455-0","001944"
"HZY2I63/SE","H000772785","20250818","7455-0","001944"
"QMP8E36/SE","H000772786","20250819","7455-0","001944"
"IAI4566/SE","H000772793","20250818","7455-0","001944"
"OEL9H43/SE","H000772796","20250819","7455-0","001944"
"RRH1C35/SE","H000772798","20250822","7455-0","001944"
"OEM9261/SE","H000772799","20250822","7463-0","001944"
"QVX8E20/SE","H000772802","20250823","7455-0","001944"
"NVL3736/SE","H000772805","20250823","7463-0","001944"
"FIV9E64/SE","H000772809","20250819","7455-0","001944"
"RRG2B60/SE","H000772810","20250819","7455-0","001944"
"OEK7169/SE","H000772811","20250819","7455-0","001944"
"TNU8G87/SE","H000772813","20250821","7463-0","001944"
"QMK1H86/SE","H000772814","20250823","7455-0","001944"
"OEM6J18/SE","H000772816","20250823","7455-0","001944"
"NVG3F96/SE","H000772817","20250824","7463-0","001944"
"IAM8I76/SE","H000772818","20250817","7455-0","001944"
"OUU6523/SE","H000772821","20250818","7455-0","001944"
"QMJ1J10/SE","H000772822","20250819","7455-0","001944"
"OEK7169/SE","H000772825","20250821","7455-0","001944"
"MDZ0J96/SE","H000772826","20250822","7463-0","001944"
"QMB0D33/SE","H000772827","20250823","7455-0","001944"
"QMH1E94/SE","H000772828","20250823","7455-0","001944"
"RQX3G04/SE","H000772829","20250817","7455-0","001944"
"QML7C00/SE","H000772832","20250818","7455-0","001944"
"MDZ0J96/SE","H000772833","20250822","7455-0","001944"
"NVG9G53/SE","H000772834","20250817","7455-0","001944"
"RQY2H97/SE","H000772835","20250817","7455-0","001944"
"RRB5E30/SE","H000772836","20250817","7455-0","001944"
"OES2289/SE","H000772837","20250817","7455-0","001944"
"QKP0710/SE","H000772847","20250818","7455-0","001944"
"BWW5070/SE","H000772850","20250819","7455-0","001944"
"IAP2837/SE","H000772853","20250820","7455-0","001944"
"RQX6G48/SE","H000772854","20250820","7455-0","001944"
"QMN7E88/SE","H000772857","20250821","7455-0","001944"
"RQW8I65/SE","H000772865","20250824","7455-0","001944"
"RRD7F08/SE","H000772866","20250824","7455-0","001944"
"QKZ2E59/SE","H000772869","20250816","7455-0","001944"
"TNU3A17/SE","H000772871","20250816","7455-0","001944"
"NVN0451/SE","H000772875","20250819","7455-0","001944"
"QMN1J44/SE","H000772876","20250819","7455-0","001944"
"QMB4E57/SE","H000772877","20250820","7463-0","001944"
"QKS9H42/SE","H000772878","20250824","7455-0","001944"
"IAA9504/SE","H000772879","20250824","7455-0","001944"
"NYZ4E32/SE","H000772881","20250824","7463-0","001944"
"QMI4489/SE","H000772882","20250816","7455-0","001944"
"RRC0I10/SE","H000772884","20250818","7455-0","001944"
"OER1790/SE","H000772885","20250821","7455-0","001944"
"QKZ0C16/SE","H000772887","20250824","7455-0","001944"
"QKO7I54/SE","H000772893","20250820","7455-0","001944"
"OES5J73/SE","H000772894","20250820","7455-0","001944"
"IAA9F26/SE","H000772895","20250820","7455-0","001944"
"NVH0808/SE","H000772897","20250821","7463-0","001944"
"QQH4J15/SE","H000772898","20250821","7455-0","001944"
"QMM3C59/SE","H000772903","20250823","7455-0","001944"
"QKR1616/SE","H000772910","20250816","7455-0","001944"
"QMB4C55/SE","H000772911","20250816","7455-0","001944"
"OEO5D00/SE","H000772912","20250816","7455-0","001944"
"RRA0C39/SE","H000772915","20250817","7455-0","001944"
"IAF9398/SE","H000772917","20250818","7455-0","001944"
"OZB6688/SE","H000772920","20250819","7455-0","001944"
"QMI0A93/SE","H000772922","20250819","7463-0","001944"
"FJO1F77/SE","H000772923","20250820","7455-0","001944"
"IAG9E93/SE","H000772924","20250820","7455-0","001944"
"IAO9A85/SE","H000772926","20250820","7463-0","001944"
"QMH6680/SE","H000772927","20250820","7455-0","001944"
"IAP5A64/SE","H000772928","20250820","7455-0","001944"
"IJL6J07/SE","H000772929","20250821","7455-0","001944"
"RQY5H45/SE","H000772930","20250821","7455-0","001944"
"QKU1J42/SE","H000772933","20250823","7455-0","001944"
"HZZ7C37/SE","H000772935","20250824","7455-0","001944"
"TNV8I23/SE","H000772936","20250824","7455-0","001944"
"NVK1862/SE","H000772937","20250816","7455-0","001944"
"OER1768/SE","H000772938","20250817","7455-0","001944"
"RPA8D53/SE","H000772943","20250820","7455-0","001944"
"RRB0H16/SE","H000772944","20250821","7455-0","001944"
"QMH6A69/SE","H000772945","20250823","7455-0","001944"
"QKQ2E61/SE","H000772948","20250823","7455-0","001944"
"OEO7B88/SE","H000772954","20250823","7455-0","001944"
"NOB4C73/SE","H000772955","20250824","7455-0","001944"
"IAA9F26/SE","H000772956","20250824","7455-0","001944"
"QMP0E87/SE","H000772958","20250817","7455-0","001944"
"TNV5C84/SE","H000772959","20250817","7455-0","001944"
"QSC9E99/SE","H000772960","20250818","7463-0","001944"
"RQY2H97/SE","H000772963","20250819","7455-0","001944"
"RRF0C84/SE","H000772964","20250820","7455-0","001944"
"PJF7B25/SE","H000772969","20250823","7455-0","001944"
"IAE2I55/SE","H000772971","20250816","7463-0","001944"
"RRA2E40/SE","H000772974","20250821","7455-0","001944"
"RQZ7I53/SE","H000772977","20250817","7455-0","001944"
"TNV7A05/SE","H000772979","20250818","7455-0","001944"
"QMJ1J10/SE","H000772980","20250819","7455-0","001944"
"TNU2J93/SE","H000772981","20250819","7455-0","001944"
"HZR5138/SE","H000772982","20250819","7455-0","001944"
"TNV0A96/SE","H000772983","20250822","7455-0","001944"
"ESK2A96/SE","H000772984","20250822","7455-0","001944"
"IAA8C84/SE","H000772988","20250824","7455-0","001944"
"RRH8H19/SE","M 37904113","20250827","5738-0","001944"
"QKS9E39/SE","M 37882624","20250827","5550-0","001944"
"RRH8H19/SE","M 37904114","20250827","6041-2","001944"
"RRH8H19/SE","M 37904115","20250827","5835-0","001944"
"QKN8452/SE","M 37892288","20250827","5568-0","001944"
"TNU8C89/SE","M 37893902","20250827","5568-0","001944"
"IAJ0127/SE","M 37881188","20250827","5843-3","001944"
"QKP1A91/SE","M 37904308","20250827","6122-0","001944"
"QKT7B49/SE","M 37833151","20250827","5452-1","001944"
"OEQ6461/SE","M 37891251","20250827","5380-0","001944"
"QMJ4F72/SE","M 37888834","20250827","5738-0","001944"
"QKW1530/SE","M 37896356","20250827","5380-0","001944"
"OEQ5320/SE","M 37882473","20250827","5452-2","001944"
"RRA4F53/SE","M 37896358","20250827","7340-0","001944"
"SJZ7C14/SE","M 37885905","20250827","6599-2","001944"
"SJZ7C14/SE","M 37885906","20250827","7633-1","001944"
"SAI3E22/SE","M 37891252","20250827","5460-0","001944"
"RRG2J63/SE","M 37896361","20250827","7340-0","001944"
"RRD6F92/SE","M 37884639","20250827","7072-1","001944"
"OEJ2C31/SE","M 37896362","20250827","7340-0","001944"
"RQX5C12/SE","M 37896363","20250827","6122-0","001944"
"NVJ4419/SE","M 37905802","20250826","5185-1","001944"
"NVJ4419/SE","M 37905803","20250826","6599-2","001944"
"IAH2170/SE","M 37882474","20250827","7633-1","001944"
"TNW4H93/SE","M 37882475","20250827","7633-1","001944"
"TNU9E72/SE","M 37908723","20250827","5819-6","001944"
"QMN4D64/SE","M 37908534","20250822","5452-1","001944"
"QKN8375/SE","M 37908535","20250822","5452-1","001944"
"OLB8494/SE","M 37908537","20250822","5452-1","001944"
"RQZ1C26/SE","M 37908538","20250822","5452-1","001944"
"RQX3J10/SE","M 37908539","20250822","5452-1","001944"
"QKP4397/SE","M 37908540","20250822","5452-1","001944"
"QMH0378/SE","M 37908541","20250822","5452-1","001944"
"QMF5E77/SE","M 37908544","20250822","5452-1","001944"
"QMK5F53/SE","M 37908545","20250822","5452-1","001944"
"NVM7000/SE","M 37908546","20250822","5452-1","001944"
"QKN1205/SE","M 37908547","20250822","5452-1","001944"
"QMK4I65/SE","M 37908548","20250822","5452-1","001944"
"RRB9B17/SE","M 37908550","20250822","5452-1","001944"
"QMG2907/SE","M 37908551","20250822","5452-1","001944"
"NVL1066/SE","M 37892659","20250827","6599-2","001944"
"QMH2489/SE","M 37882476","20250827","7633-1","001944"
"QME4I92/SE","M 37892660","20250827","6653-2","001944"
"TNV8G37/SE","M 37905806","20250819","5550-0","001944"
"QKP9C91/SE","M 37905808","20250819","5550-0","001944"
"QKO1469/SE","M 37905810","20250819","5550-0","001944"
"RQZ2E73/SE","M 37905812","20250819","5550-0","001944"
"RRH5J55/SE","M 37905813","20250819","5550-0","001944"
"NMM3E89/SE","M 37905814","20250819","5550-0","001944"
"RRE1H81/SE","M 37905815","20250819","5550-0","001944"
"QMP3I78/SE","M 37905816","20250819","5550-0","001944"
"OEN1499/SE","M 37905818","20250819","5550-0","001944"
"MVK3G62/SE","M 37905819","20250819","5550-0","001944"
"RRA3G58/SE","M 37885907","20250827","5452-2","001944"
"QKP4606/SE","M 37896366","20250827","6599-2","001944"
"RGO1B18/SE","M 37885224","20250823","6017-4","001944"
"IAL4943/SE","M 37896367","20250827","7340-0","001944"
"QKO8212/SE","M 37896368","20250827","7340-0","001944"
"IAJ8587/SE","M 37903986","20250827","5452-1","001944"
"QKO8212/SE","M 37896369","20250827","5207-0","001944"
"QKZ6A21/SE","M 37896370","20250827","7340-0","001944"
"NVH5J38/SE","M 37896371","20250827","7340-0","001944"
"OEJ3250/SE","M 37896372","20250827","5550-0","001944"
"TNU2I08/SE","M 37885909","20250827","6033-0","001944"
"ORK3C44/SE","M 37896373","20250827","7587-0","001944"
"RRG8I13/SE","M 37888239","20250827","7587-0","001944"
"ORK3C44/SE","M 37896375","20250827","6599-2","001944"
"HZQ8H47/SE","M 37888241","20250827","7587-0","001944"
"QMG4261/SE","M 37888242","20250827","7587-0","001944"
"NVM5545/SE","M 37882478","20250827","6017-5","001944"
"QMN7C44/SE","M 37882048","20250828","6017-4","001944"
"RRG3D70/SE","M 37890880","20250828","5703-0","001944"
"QMN7C44/SE","M 37890653","20250828","6599-2","001944"
"OZB3G55/SE","M 37892289","20250827","5568-0","001944"
"OLC9972/SE","M 37892290","20250828","5703-0","001944"
"QMN7C44/SE","M 37890654","20250828","6602-0","001944"
"RRB1B69/SE","M 37904116","20250828","6041-1","001944"
"PJP2C93/SE","M 37882049","20250828","5622-2","001944"
"RRB1B69/SE","M 37904117","20250828","5738-0","001944"
"OEM5805/SE","M 37906336","20250828","6025-0","001944"
"RRB1B69/SE","M 37904118","20250828","6971-0","001944"
"OES1222/SE","M 37882050","20250828","5622-2","001944"
"RRA9A83/SE","M 37890183","20250828","5819-4","001944"
"QMN7C44/SE","M 37890655","20250828","7340-0","001944"
"QMM5I70/SE","M 37904309","20250828","5690-0","001944"
"QMP7B17/SE","M 37907970","20250828","6033-0","001944"
"IAM9F27/SE","M 37907972","20250828","6599-2","001944"
"IAM9F27/SE","M 37907973","20250828","5185-1","001944"
"QKV8183/SE","M 37907974","20250828","6050-1","001944"
"QKV8183/SE","M 37907975","20250828","6599-2","001944"
"QKV8183/SE","M 37907976","20250828","5037-1","001944"
"MVD0F46/SE","M 37907977","20250828","6599-2","001944"
"MVD0F46/SE","M 37907978","20250828","6033-0","001944"
"HFI2714/SE","M 37907980","20250828","6033-0","001944"
"QKO6A05/SE","M 37907981","20250828","6602-0","001944"
"QKO6A05/SE","M 37907982","20250828","6033-0","001944"
"KCF0791/SE","M 37907983","20250828","6033-0","001944"
"NVH1068/SE","M 37907984","20250828","6599-2","001944"
"NVH1068/SE","M 37907985","20250828","6033-0","001944"
"QKY6936/SE","M 37907987","20250828","6033-0","001944"
"IAG2628/SE","M 37907988","20250828","6033-0","001944"
"QMG6E17/SE","M 37907993","20250828","6033-0","001944"
"QML5J13/SE","M 37907994","20250828","6033-0","001944"
"QGU5F38/SE","M 37907996","20250828","6033-0","001944"
"QKP3828/SE","M 37907997","20250828","6033-0","001944"
"QMC9843/SE","M 37907999","20250828","6033-0","001944"
"IAH0450/SE","M 37908000","20250828","5185-1","001944"
"IAH0450/SE","M 37908001","20250828","6033-0","001944"
"OES0D90/SE","M 37908002","20250828","6033-0","001944"
"IAK7452/SE","M 37908003","20250828","6033-0","001944"
"JPL3854/SE","M 37908004","20250828","6599-2","001944"
"JPL3854/SE","M 37908005","20250828","6033-0","001944"
"HZW0688/SE","M 37893906","20250828","5630-0","001944"
"NVH3A37/SE","M 37887872","20250828","5550-0","001944"
"QMA6120/SE","M 37908006","20250828","7633-1","001944"
"RRC0H82/SE","M 37887874","20250828","5991-0","001944"
"JSP0684/SE","M 37888190","20250828","5185-1","001944"
"RRB9G87/SE","M 37894529","20250828","7633-1","001944"
"QKY9E34/SE","M 37882626","20250828","5819-1","001944"
"OEP3F80/SE","M 37888192","20250828","5185-1","001944"
"QME1F39/SE","M 37908008","20250828","7633-1","001944"
"QMG9E48/SE","M 37908009","20250828","6599-2","001944"
"QMG9E48/SE","M 37908010","20250828","5185-1","001944"
"RRE0H58/SE","M 37881190","20250828","5550-0","001944"
"OES0D90/SE","M 37907586","20250828","6700-0","001944"
"QKP4E18/SE","M 37907587","20250828","6033-0","001944"
"OER1B13/SE","M 37907588","20250828","6033-0","001944"
"RRC4C57/SE","M 37907589","20250828","6033-0","001944"
"QKP3828/SE","M 37907591","20250828","6033-0","001944"
"IAB7302/SE","M 37907592","20250828","6033-0","001944"
"NJP2167/SE","M 37907593","20250828","6599-2","001944"
"NJP2167/SE","M 37907594","20250828","6033-0","001944"
"QMD1011/SE","M 37907598","20250828","6033-0","001944"
"KHV5111/SE","M 37907602","20250828","6033-0","001944"
"QKO9199/SE","M 37907605","20250828","6033-0","001944"
"QKS8C66/SE","M 37907609","20250828","6033-0","001944"
"RLW5G13/SE","M 37907611","20250828","6700-0","001944"
"QMA9438/SE","M 37907613","20250828","5185-1","001944"
"OUU1B76/SE","M 37907614","20250828","5185-1","001944"
"RMX8I13/SE","M 37887879","20250828","6050-1","001944"
"QMK2J87/SE","M 37906338","20250827","5738-0","001944"
"RQY2I70/SE","M 37880591","20250828","5541-1","001944"
"RRH6H88/SE","M 37906339","20250827","5380-0","001944"
"EVQ8827/SP","M 37907805","20250821","5452-1","001944"
"QKN7A90/AL","M 37907811","20250821","7633-2","001944"
"TGT8B44/BA","M 37907836","20250821","7587-0","001944"
"RVN4C52/MG","M 37888185","20250821","6050-1","001944"
"OKQ0E53/BA","M 37882611","20250822","5550-0","001944"
"MVI3092/BA","M 37882808","20250822","5550-0","001944"
"RGW6G03/AL","M 37887865","20250822","6700-0","001944"
"QRH2I45/ES","M 37882458","20250822","5550-0","001944"
"JRS9979/BA","M 37907872","20250822","5550-0","001944"
"EBL0654/SP","M 37907879","20250822","5487-0","001944"
"EBL0654/SP","M 37907880","20250822","7293-0","001944"
"EBL0654/SP","M 37907881","20250822","6599-2","001944"
"NMN2147/AL","M 37906747","20250820","5185-1","001944"
"SAI0J82/AL","M 37889028","20250823","5622-2","001944"
"RFN1D31/ES","M 37884622","20250823","7633-1","001944"
"TNL1G59/AL","M 37883604","20250824","5452-2","001944"
"QWJ0E84/AL","M 37907926","20250824","5819-1","001944"
"RGR9J18/AL","M 37907958","20250824","5185-1","001944"
"TBL3H70/PR","M 37892446","20250825","6122-0","001944"
"PFK2D60/PB","M 37904913","20250826","5452-1","001944"
"REN2F15/DF","M 37885902","20250826","6661-0","001944"
"JPM0165/CE","M 37905793","20250822","5185-1","001944"
"PKB5J05/BA","M 37907917","20250826","5185-1","001944"
"GAJ4I24/SP","M 37898499","20250819","6033-0","001944"
"RPO3H33/BA","F000943417","20250819","7455-0","001944"
"JRT9343/BA","F000943421","20250819","7455-0","001944"
"SAE7I86/AL","F000943433","20250820","7455-0","001944"
"QWK1158/AL","F000943439","20250822","7455-0","001944"
"GJY8H74/SP","F000943459","20250818","7455-0","001944"
"TAT6G75/PR","F000943478","20250820","7455-0","001944"
"FGR2785/SP","F000943493","20250822","7455-0","001944"
"SJM4J07/BA","F000943505","20250824","7455-0","001944"
"NVI0A62/BA","F000943515","20250822","7455-0","001944"
"QXO1F89/BA","G001513112","20250819","7455-0","001944"
"MJJ5H74/SC","G001513156","20250819","6050-3","001944"
"TGR1J12/BA","G001513198","20250819","6050-3","001944"
"BCI2489/PR","G001513199","20250819","6050-3","001944"
"RRA2C55/BA","G001513201","20250820","6050-3","001944"
"PDD1F89/AL","G001513208","20250822","6050-3","001944"
"EWP2B66/SP","G001513217","20250824","6050-3","001944"
"SKE1I64/BA","G001513218","20250824","6050-3","001944"
"HGN4F36/MG","G001513233","20250819","7455-0","001944"
"NVI0F03/AL","G001513291","20250824","7455-0","001944"
"SAA5J64/AL","G001513298","20250824","6050-3","001944"
"HPH2560/GO","G001513302","20250817","7455-0","001944"
"PDM2C98/PE","G001513341","20250820","6050-3","001944"
"NMJ0125/AL","G001513343","20250824","6050-3","001944"
"RPZ4D39/BA","G001513380","20250820","7455-0","001944"
"PZK4A07/BA","G001513391","20250820","6050-3","001944"
"FVS1A61/SP","G001513395","20250817","6050-3","001944"
"CRY0B04/RS","G001513398","20250817","7463-0","001944"
"RZZ0H00/PE","G001513418","20250819","7455-0","001944"
"QXA3025/MG","G001513422","20250822","7455-0","001944"
"MHY2E09/SC","G001513439","20250817","7455-0","001944"
"NZF1E43/BA","G001513442","20250819","6050-3","001944"
"OUX3949/BA","G001513448","20250821","7455-0","001944"
"LQI3889/RJ","G001513454","20250824","7455-0","001944"
"MHY2E09/SC","G001513456","20250824","7455-0","001944"
"RYM1G75/SC","G001513457","20250824","7455-0","001944"
"PKM1553/BA","G001513471","20250824","6050-3","001944"
"RGB7C37/BA","G001513481","20250823","7455-0","001944"
"MHY2E09/SC","G001513486","20250817","7463-0","001944"
"MBU7715/SC","G001513517","20250816","7455-0","001944"
"NLY4A95/AL","G001513553","20250819","6050-3","001944"
"SNQ1D56/PE","G001513554","20250819","7463-0","001944"
"EMZ0494/SP","G001513571","20250824","6050-3","001944"
"PPJ8D61/BA","G001513582","20250817","7455-0","001944"
"QMD1E07/PR","G001513591","20250817","7455-0","001944"
"BBU5E21/PR","G001513617","20250818","7455-0","001944"
"PJC3875/BA","G001513618","20250818","7455-0","001944"
"SAF6F15/AL","G001513619","20250818","7455-0","001944"
"EVQ8827/SP","G001513627","20250819","7455-0","001944"
"SHY2H95/MG","G001513629","20250819","7455-0","001944"
"OCL4669/CE","G001513648","20250820","7455-0","001944"
"PDP3E67/PE","G001513658","20250821","7455-0","001944"
"RJJ5H89/RJ","G001513674","20250822","7455-0","001944"
"PKT6C76/BA","G001513730","20250823","7455-0","001944"
"JMI9653/BA","G001513777","20250816","7463-0","001944"
"RUZ1G01/RJ","G001513779","20250817","7455-0","001944"
"MKJ2D62/SC","G001513801","20250819","7455-0","001944"
"OHH3251/AL","G001513816","20250821","7455-0","001944"
"TNH6C58/AL","G001513821","20250821","7455-0","001944"
"NYM7283/BA","G001513825","20250822","7455-0","001944"
"RGV8F00/AL","G001513864","20250816","7455-0","001944"
"SOF5D53/PE","G001513876","20250817","5673-2","001944"
"TEK0B08/MG","G001513946","20250822","7455-0","001944"
"QWI7520/AL","G001513964","20250823","7455-0","001944"
"QPH8E69/PE","G001513974","20250823","7455-0","001944"
"TGS7G23/BA","G001513992","20250817","6050-3","001944"
"QWI7520/AL","G001514011","20250821","6050-3","001944"
"PKS7F89/BA","G001514026","20250823","6050-3","001944"
"MHY2E09/SC","H000772197","20250817","7463-0","001944"
"FUA8784/SP","H000772210","20250819","7455-0","001944"
"DCS7029/SP","H000772220","20250820","7455-0","001944"
"NMA8336/AL","H000772222","20250820","7455-0","001944"
"MHY2E09/SC","H000772223","20250820","7455-0","001944"
"NMI6175/AL","H000772228","20250821","7455-0","001944"
"DCS7029/SP","H000772232","20250822","7455-0","001944"
"MGA8A77/SC","H000772233","20250823","7455-0","001944"
"GHB6G56/GO","H000772238","20250824","7455-0","001944"
"TBJ5F78/PR","H000772239","20250824","7455-0","001944"
"EHZ0494/SP","H000772243","20250824","7455-0","001944"
"MHY2E09/SC","H000772244","20250824","7463-0","001944"
"NYO6F37/BA","H000772254","20250820","7455-0","001944"
"DCS7029/SP","H000772257","20250820","7455-0","001944"
"MHY2E09/SC","H000772259","20250821","7455-0","001944"
"OHF2G32/AL","H000772264","20250823","7463-0","001944"
"NVN7054/BA","H000772309","20250823","7455-0","001944"
"NMA8336/AL","H000772311","20250823","7455-0","001944"
"TEU0C88/MG","H000772319","20250819","7463-0","001944"
"SNX7A73/PE","H000772322","20250820","7455-0","001944"
"RGS9B13/AL","H000772331","20250824","7455-0","001944"
"OFQ1I49/PR","H000772340","20250824","7471-0","001944"
"QFM4I02/AL","H000772369","20250816","7455-0","001944"
"REL4G24/CE","H000772372","20250817","7455-0","001944"
"RCR4I80/BA","H000772394","20250823","7455-0","001944"
"NYQ6C82/BA","H000772416","20250823","7455-0","001944"
"KPH9D37/RJ","H000772427","20250818","7463-0","001944"
"LIQ5195/RJ","H000772432","20250821","7455-0","001944"
"OFQ1I49/PR","H000772452","20250824","7463-0","001944"
"QLI1171/AL","H000772453","20250824","7455-0","001944"
"GIJ1D21/RJ","H000772461","20250820","7455-0","001944"
"SFP2G35/ES","H000772466","20250823","7463-0","001944"
"RCZ0E85/BA","H000772473","20250824","7455-0","001944"
"BDN8H56/PR","H000772489","20250819","7455-0","001944"
"TIY1B45/SP","H000772496","20250821","7455-0","001944"
"RDL4A20/BA","H000772519","20250820","7455-0","001944"
"RDJ5A40/BA","H000772523","20250823","7463-0","001944"
"OXN2E08/AL","H000772529","20250824","7463-0","001944"
"RGT7D87/AL","H000772535","20250817","7455-0","001944"
"TTH3C35/RJ","H000772540","20250823","7463-0","001944"
"GDK7H92/SP","H000772563","20250817","7463-0","001944"
"QWH7A38/AL","H000772575","20250823","7455-0","001944"
"SSF9A94/DF","H000772580","20250817","7455-0","001944"
"SFU6D49/ES","H000772591","20250818","7455-0","001944"
"ORK1F27/AL","H000772594","20250818","7455-0","001944"
"QHI1672/SC","H000772600","20250819","7455-0","001944"
"SCH7B38/GO","H000772604","20250819","7455-0","001944"
"IXH5126/RS","H000772613","20250820","7455-0","001944"
"PKJ0E43/BA","H000772616","20250820","7463-0","001944"
"TEL5A23/MG","H000772618","20250821","7455-0","001944"
"PDM2C98/PE","H000772636","20250823","7455-0","001944"
"SAG9D53/AL","H000772647","20250824","7455-0","001944"
"OED9G96/PI","H000772654","20250817","7455-0","001944"
"SKR3E40/BA","H000772663","20250820","7455-0","001944"
"TNK6E11/AL","H000772690","20250824","7455-0","001944"
"SSF9A94/DF","H000772697","20250817","7455-0","001944"
"SJL8C15/BA","H000772700","20250817","7455-0","001944"
"SSP8A84/DF","H000772704","20250817","7455-0","001944"
"PAC7662/DF","H000772716","20250819","7455-0","001944"
"RGP8C83/AL","H000772750","20250824","7455-0","001944"
"SKD7C96/BA","H000772759","20250817","7463-0","001944"
"NMI6175/AL","H000772766","20250821","7455-0","001944"
"SUU5J02/SP","H000772791","20250817","7455-0","001944"
"PDM2C98/PE","H000772823","20250820","7455-0","001944"
"SOK5E84/PE","H000772831","20250818","7455-0","001944"
"QWL0A54/AL","H000772841","20250816","7455-0","001944"
"EXB2C55/BA","H000772860","20250822","7455-0","001944"
"FQV6H77/BA","H000772880","20250824","7455-0","001944"
"OXI6J24/MG","H000772886","20250821","7455-0","001944"
"QKM0I30/TO","H000772896","20250821","7463-0","001944"
"ORE0F47/AL","H000772918","20250819","7455-0","001944"
"KXH4124/RJ","H000772942","20250820","7455-0","001944"
"PCL5J81/PE","H000772965","20250820","7455-0","001944"
"PKB5J05/BA","M 37905804","20250826","5185-1","001944"
"OGE8E49/PB","M 37888237","20250827","5452-1","001944"
"OYZ0389/PE","M 37904119","20250827","5525-0","001944"
"PJG9128/BA","M 37904310","20250828","5690-0","001944"
"QPS2G31/SP","M 37904311","20250828","5843-4","001944"
"JPJ2488/BA","M 37908007","20250828","5185-1","001944"
"RGQ5D07/AL","M 37907584","20250828","6033-0","001944"
"PKQ4953/BA","M 37907590","20250828","6033-0","001944"
"TIH6B41/CE","M 37907607","20250828","6700-0","001944"
"TNO8E09/AL","M 37907610","20250828","6033-0","001944"
